"pair","dataset_a","dataset_b","chemical_a","chemical_b","year","n","r","r_squared"
"IHGEM_vs_PFAS","IHGEM","PFAS","LBXBGE","LBXMPAH",2013,559,-0.0228,5e-04
"IHGEM_vs_PFAS","IHGEM","PFAS","LBXBGE","LBXPFBS",2013,559,-0.0084,1e-04
"IHGEM_vs_PFAS","IHGEM","PFAS","LBXBGE","LBXPFDE",2013,559,0.1974,0.039
"IHGEM_vs_PFAS","IHGEM","PFAS","LBXBGE","LBXPFDO",2013,559,0.1255,0.0157
"IHGEM_vs_PFAS","IHGEM","PFAS","LBXBGE","LBXPFHP",2013,559,-0.0185,3e-04
"IHGEM_vs_PFAS","IHGEM","PFAS","LBXBGE","LBXPFHS",2013,559,0.0311,0.001
"IHGEM_vs_PFAS","IHGEM","PFAS","LBXBGE","LBXPFNA",2013,559,0.1618,0.0262
"IHGEM_vs_PFAS","IHGEM","PFAS","LBXBGE","LBXPFUA",2013,559,0.224,0.0502
"IHGEM_vs_PFAS","IHGEM","PFAS","LBXBGM","LBXMPAH",2013,559,-0.0218,5e-04
"IHGEM_vs_PFAS","IHGEM","PFAS","LBXBGM","LBXPFBS",2013,559,0.0194,4e-04
"IHGEM_vs_PFAS","IHGEM","PFAS","LBXBGM","LBXPFDE",2013,559,0.5553,0.3084
"IHGEM_vs_PFAS","IHGEM","PFAS","LBXBGM","LBXPFDO",2013,559,0.1176,0.0138
"IHGEM_vs_PFAS","IHGEM","PFAS","LBXBGM","LBXPFHP",2013,559,-0.0261,7e-04
"IHGEM_vs_PFAS","IHGEM","PFAS","LBXBGM","LBXPFHS",2013,559,0.1361,0.0185
"IHGEM_vs_PFAS","IHGEM","PFAS","LBXBGM","LBXPFNA",2013,559,0.4055,0.1645
"IHGEM_vs_PFAS","IHGEM","PFAS","LBXBGM","LBXPFUA",2013,559,0.6798,0.4622
"IHGEM_vs_PFAS","IHGEM","PFAS","LBXIHG","LBXMPAH",2013,559,-0.0848,0.0072
"IHGEM_vs_PFAS","IHGEM","PFAS","LBXIHG","LBXPFBS",2013,559,0.0615,0.0038
"IHGEM_vs_PFAS","IHGEM","PFAS","LBXIHG","LBXPFDE",2013,559,0.2451,0.0601
"IHGEM_vs_PFAS","IHGEM","PFAS","LBXIHG","LBXPFDO",2013,559,0.0831,0.0069
"IHGEM_vs_PFAS","IHGEM","PFAS","LBXIHG","LBXPFHP",2013,559,0.0032,0
"IHGEM_vs_PFAS","IHGEM","PFAS","LBXIHG","LBXPFHS",2013,559,0.0531,0.0028
"IHGEM_vs_PFAS","IHGEM","PFAS","LBXIHG","LBXPFNA",2013,559,0.1407,0.0198
"IHGEM_vs_PFAS","IHGEM","PFAS","LBXIHG","LBXPFUA",2013,559,0.3401,0.1157
"IHGEM_vs_PFAS","IHGEM","PFAS","LBXBGE","LBXBFOA",2015,492,-0.0107,1e-04
"IHGEM_vs_PFAS","IHGEM","PFAS","LBXBGE","LBXMFOS",2015,492,-0.035,0.0012
"IHGEM_vs_PFAS","IHGEM","PFAS","LBXBGE","LBXMPAH",2015,492,-0.0446,0.002
"IHGEM_vs_PFAS","IHGEM","PFAS","LBXBGE","LBXNFOA",2015,492,-0.0494,0.0024
"IHGEM_vs_PFAS","IHGEM","PFAS","LBXBGE","LBXNFOS",2015,492,-0.0165,3e-04
"IHGEM_vs_PFAS","IHGEM","PFAS","LBXBGE","LBXPFDE",2015,492,0.0118,1e-04
"IHGEM_vs_PFAS","IHGEM","PFAS","LBXBGE","LBXPFDO",2015,492,-0.0093,1e-04
"IHGEM_vs_PFAS","IHGEM","PFAS","LBXBGE","LBXPFHS",2015,492,-0.0494,0.0024
"IHGEM_vs_PFAS","IHGEM","PFAS","LBXBGE","LBXPFNA",2015,492,-0.0318,0.001
"IHGEM_vs_PFAS","IHGEM","PFAS","LBXBGE","LBXPFUA",2015,492,0.0443,0.002
"IHGEM_vs_PFAS","IHGEM","PFAS","LBXBGM","LBXBFOA",2015,493,0.0983,0.0097
"IHGEM_vs_PFAS","IHGEM","PFAS","LBXBGM","LBXMFOS",2015,493,0.2258,0.051
"IHGEM_vs_PFAS","IHGEM","PFAS","LBXBGM","LBXMPAH",2015,493,-0.1184,0.014
"IHGEM_vs_PFAS","IHGEM","PFAS","LBXBGM","LBXNFOA",2015,493,0.2063,0.0426
"IHGEM_vs_PFAS","IHGEM","PFAS","LBXBGM","LBXNFOS",2015,493,0.4223,0.1784
"IHGEM_vs_PFAS","IHGEM","PFAS","LBXBGM","LBXPFDE",2015,493,0.5168,0.267
"IHGEM_vs_PFAS","IHGEM","PFAS","LBXBGM","LBXPFDO",2015,493,0.1451,0.0211
"IHGEM_vs_PFAS","IHGEM","PFAS","LBXBGM","LBXPFHS",2015,493,0.1175,0.0138
"IHGEM_vs_PFAS","IHGEM","PFAS","LBXBGM","LBXPFNA",2015,493,0.45,0.2025
"IHGEM_vs_PFAS","IHGEM","PFAS","LBXBGM","LBXPFUA",2015,493,0.5664,0.3208
"IHGEM_vs_PFAS","IHGEM","PFAS","LBXIHG","LBXBFOA",2015,493,-0.0317,0.001
"IHGEM_vs_PFAS","IHGEM","PFAS","LBXIHG","LBXMFOS",2015,493,0.0249,6e-04
"IHGEM_vs_PFAS","IHGEM","PFAS","LBXIHG","LBXMPAH",2015,493,0.0129,2e-04
"IHGEM_vs_PFAS","IHGEM","PFAS","LBXIHG","LBXNFOA",2015,493,0.0345,0.0012
"IHGEM_vs_PFAS","IHGEM","PFAS","LBXIHG","LBXNFOS",2015,493,0.0368,0.0014
"IHGEM_vs_PFAS","IHGEM","PFAS","LBXIHG","LBXPFDE",2015,493,0.1133,0.0128
"IHGEM_vs_PFAS","IHGEM","PFAS","LBXIHG","LBXPFDO",2015,493,0.0164,3e-04
"IHGEM_vs_PFAS","IHGEM","PFAS","LBXIHG","LBXPFHS",2015,493,-0.013,2e-04
"IHGEM_vs_PFAS","IHGEM","PFAS","LBXIHG","LBXPFNA",2015,493,0.1026,0.0105
"IHGEM_vs_PFAS","IHGEM","PFAS","LBXIHG","LBXPFUA",2015,493,0.1533,0.0235
"IHGEM_vs_PFAS","IHGEM","PFAS","LBXBGE","LBXBFOA",2017,1928,0.0721,0.0052
"IHGEM_vs_PFAS","IHGEM","PFAS","LBXBGE","LBXMFOS",2017,1928,0.0111,1e-04
"IHGEM_vs_PFAS","IHGEM","PFAS","LBXBGE","LBXMPAH",2017,1928,0.0078,1e-04
"IHGEM_vs_PFAS","IHGEM","PFAS","LBXBGE","LBXNFOA",2017,1928,0.0366,0.0013
"IHGEM_vs_PFAS","IHGEM","PFAS","LBXBGE","LBXNFOS",2017,1928,0.0097,1e-04
"IHGEM_vs_PFAS","IHGEM","PFAS","LBXBGE","LBXPFDE",2017,1928,0.0378,0.0014
"IHGEM_vs_PFAS","IHGEM","PFAS","LBXBGE","LBXPFHS",2017,1928,0.009,1e-04
"IHGEM_vs_PFAS","IHGEM","PFAS","LBXBGE","LBXPFNA",2017,1928,0.0419,0.0018
"IHGEM_vs_PFAS","IHGEM","PFAS","LBXBGE","LBXPFUA",2017,1928,0.0432,0.0019
"IHGEM_vs_PFAS","IHGEM","PFAS","LBXBGM","LBXBFOA",2017,1928,0.0114,1e-04
"IHGEM_vs_PFAS","IHGEM","PFAS","LBXBGM","LBXMFOS",2017,1928,0.2088,0.0436
"IHGEM_vs_PFAS","IHGEM","PFAS","LBXBGM","LBXMPAH",2017,1928,-0.0123,2e-04
"IHGEM_vs_PFAS","IHGEM","PFAS","LBXBGM","LBXNFOA",2017,1928,0.237,0.0562
"IHGEM_vs_PFAS","IHGEM","PFAS","LBXBGM","LBXNFOS",2017,1928,0.3577,0.128
"IHGEM_vs_PFAS","IHGEM","PFAS","LBXBGM","LBXPFDE",2017,1928,0.5103,0.2604
"IHGEM_vs_PFAS","IHGEM","PFAS","LBXBGM","LBXPFHS",2017,1928,0.1216,0.0148
"IHGEM_vs_PFAS","IHGEM","PFAS","LBXBGM","LBXPFNA",2017,1928,0.3806,0.1449
"IHGEM_vs_PFAS","IHGEM","PFAS","LBXBGM","LBXPFUA",2017,1928,0.6814,0.4643
"IHGEM_vs_PFAS","IHGEM","PFAS","LBXIHG","LBXBFOA",2017,1928,0.0426,0.0018
"IHGEM_vs_PFAS","IHGEM","PFAS","LBXIHG","LBXMFOS",2017,1928,0.0678,0.0046
"IHGEM_vs_PFAS","IHGEM","PFAS","LBXIHG","LBXMPAH",2017,1928,-0.0514,0.0026
"IHGEM_vs_PFAS","IHGEM","PFAS","LBXIHG","LBXNFOA",2017,1928,0.0937,0.0088
"IHGEM_vs_PFAS","IHGEM","PFAS","LBXIHG","LBXNFOS",2017,1928,0.1087,0.0118
"IHGEM_vs_PFAS","IHGEM","PFAS","LBXIHG","LBXPFDE",2017,1928,0.1875,0.0352
"IHGEM_vs_PFAS","IHGEM","PFAS","LBXIHG","LBXPFHS",2017,1928,0.0442,0.002
"IHGEM_vs_PFAS","IHGEM","PFAS","LBXIHG","LBXPFNA",2017,1928,0.1427,0.0204
"IHGEM_vs_PFAS","IHGEM","PFAS","LBXIHG","LBXPFUA",2017,1928,0.2447,0.0599
"IHGEM_vs_PFC","IHGEM","PFC","LBXIHG","LBXEPAH",2007,2098,0.001,0
"IHGEM_vs_PFC","IHGEM","PFC","LBXIHG","LBXMPAH",2007,2098,-0.0121,1e-04
"IHGEM_vs_PFC","IHGEM","PFC","LBXIHG","LBXPFBS",2007,2098,-0.0118,1e-04
"IHGEM_vs_PFC","IHGEM","PFC","LBXIHG","LBXPFDE",2007,2098,0.0847,0.0072
"IHGEM_vs_PFC","IHGEM","PFC","LBXIHG","LBXPFDO",2007,2098,0.0508,0.0026
"IHGEM_vs_PFC","IHGEM","PFC","LBXIHG","LBXPFHP",2007,2098,-0.0323,0.001
"IHGEM_vs_PFC","IHGEM","PFC","LBXIHG","LBXPFHS",2007,2098,-0.0479,0.0023
"IHGEM_vs_PFC","IHGEM","PFC","LBXIHG","LBXPFNA",2007,2098,0.0484,0.0023
"IHGEM_vs_PFC","IHGEM","PFC","LBXIHG","LBXPFOA",2007,2098,-0.0209,4e-04
"IHGEM_vs_PFC","IHGEM","PFC","LBXIHG","LBXPFOS",2007,2098,0.0446,0.002
"IHGEM_vs_PFC","IHGEM","PFC","LBXIHG","LBXPFSA",2007,2098,-0.0028,0
"IHGEM_vs_PFC","IHGEM","PFC","LBXIHG","LBXPFUA",2007,2098,0.141,0.0199
"IHGEM_vs_PFC","IHGEM","PFC","LBXIHG","LBXEPAH",2009,2231,-0.0036,0
"IHGEM_vs_PFC","IHGEM","PFC","LBXIHG","LBXMPAH",2009,2231,0.008,1e-04
"IHGEM_vs_PFC","IHGEM","PFC","LBXIHG","LBXPFBS",2009,2231,-4e-04,0
"IHGEM_vs_PFC","IHGEM","PFC","LBXIHG","LBXPFDE",2009,2231,0.0519,0.0027
"IHGEM_vs_PFC","IHGEM","PFC","LBXIHG","LBXPFDO",2009,2231,0.0557,0.0031
"IHGEM_vs_PFC","IHGEM","PFC","LBXIHG","LBXPFHP",2009,2231,-0.0175,3e-04
"IHGEM_vs_PFC","IHGEM","PFC","LBXIHG","LBXPFHS",2009,2231,-0.0211,4e-04
"IHGEM_vs_PFC","IHGEM","PFC","LBXIHG","LBXPFNA",2009,2231,0.0356,0.0013
"IHGEM_vs_PFC","IHGEM","PFC","LBXIHG","LBXPFOA",2009,2231,-0.0015,0
"IHGEM_vs_PFC","IHGEM","PFC","LBXIHG","LBXPFOS",2009,2231,0.0258,7e-04
"IHGEM_vs_PFC","IHGEM","PFC","LBXIHG","LBXPFSA",2009,2231,-0.0113,1e-04
"IHGEM_vs_PFC","IHGEM","PFC","LBXIHG","LBXPFUA",2009,2231,0.1009,0.0102
"IHGEM_vs_PFC","IHGEM","PFC","LBXBGE","LBXEPAH",2011,1900,0.0125,2e-04
"IHGEM_vs_PFC","IHGEM","PFC","LBXBGE","LBXMPAH",2011,1900,-0.007,0
"IHGEM_vs_PFC","IHGEM","PFC","LBXBGE","LBXPFBS",2011,1900,-0.0162,3e-04
"IHGEM_vs_PFC","IHGEM","PFC","LBXBGE","LBXPFDE",2011,1900,0.0505,0.0025
"IHGEM_vs_PFC","IHGEM","PFC","LBXBGE","LBXPFDO",2011,1900,0.0526,0.0028
"IHGEM_vs_PFC","IHGEM","PFC","LBXBGE","LBXPFHP",2011,1900,-0.0028,0
"IHGEM_vs_PFC","IHGEM","PFC","LBXBGE","LBXPFHS",2011,1900,0.0151,2e-04
"IHGEM_vs_PFC","IHGEM","PFC","LBXBGE","LBXPFNA",2011,1900,0.012,1e-04
"IHGEM_vs_PFC","IHGEM","PFC","LBXBGE","LBXPFOA",2011,1900,0.0131,2e-04
"IHGEM_vs_PFC","IHGEM","PFC","LBXBGE","LBXPFOS",2011,1900,0.0167,3e-04
"IHGEM_vs_PFC","IHGEM","PFC","LBXBGE","LBXPFSA",2011,1900,3e-04,0
"IHGEM_vs_PFC","IHGEM","PFC","LBXBGE","LBXPFUA",2011,1900,0.0566,0.0032
"IHGEM_vs_PFC","IHGEM","PFC","LBXBGM","LBXEPAH",2011,1900,0.0385,0.0015
"IHGEM_vs_PFC","IHGEM","PFC","LBXBGM","LBXMPAH",2011,1900,-0.0953,0.0091
"IHGEM_vs_PFC","IHGEM","PFC","LBXBGM","LBXPFBS",2011,1900,0.0194,4e-04
"IHGEM_vs_PFC","IHGEM","PFC","LBXBGM","LBXPFDE",2011,1900,0.476,0.2265
"IHGEM_vs_PFC","IHGEM","PFC","LBXBGM","LBXPFDO",2011,1900,0.2464,0.0607
"IHGEM_vs_PFC","IHGEM","PFC","LBXBGM","LBXPFHP",2011,1900,-0.0176,3e-04
"IHGEM_vs_PFC","IHGEM","PFC","LBXBGM","LBXPFHS",2011,1900,0.0369,0.0014
"IHGEM_vs_PFC","IHGEM","PFC","LBXBGM","LBXPFNA",2011,1900,0.3089,0.0954
"IHGEM_vs_PFC","IHGEM","PFC","LBXBGM","LBXPFOA",2011,1900,0.0972,0.0095
"IHGEM_vs_PFC","IHGEM","PFC","LBXBGM","LBXPFOS",2011,1900,0.2385,0.0569
"IHGEM_vs_PFC","IHGEM","PFC","LBXBGM","LBXPFSA",2011,1900,0.0227,5e-04
"IHGEM_vs_PFC","IHGEM","PFC","LBXBGM","LBXPFUA",2011,1900,0.6552,0.4292
"IHGEM_vs_PFC","IHGEM","PFC","LBXIHG","LBXEPAH",2011,1900,0.0191,4e-04
"IHGEM_vs_PFC","IHGEM","PFC","LBXIHG","LBXMPAH",2011,1900,-0.0255,6e-04
"IHGEM_vs_PFC","IHGEM","PFC","LBXIHG","LBXPFBS",2011,1900,0.016,3e-04
"IHGEM_vs_PFC","IHGEM","PFC","LBXIHG","LBXPFDE",2011,1900,0.2005,0.0402
"IHGEM_vs_PFC","IHGEM","PFC","LBXIHG","LBXPFDO",2011,1900,0.1505,0.0226
"IHGEM_vs_PFC","IHGEM","PFC","LBXIHG","LBXPFHP",2011,1900,-0.0013,0
"IHGEM_vs_PFC","IHGEM","PFC","LBXIHG","LBXPFHS",2011,1900,-0.0216,5e-04
"IHGEM_vs_PFC","IHGEM","PFC","LBXIHG","LBXPFNA",2011,1900,0.1399,0.0196
"IHGEM_vs_PFC","IHGEM","PFC","LBXIHG","LBXPFOA",2011,1900,0.0319,0.001
"IHGEM_vs_PFC","IHGEM","PFC","LBXIHG","LBXPFOS",2011,1900,0.0905,0.0082
"IHGEM_vs_PFC","IHGEM","PFC","LBXIHG","LBXPFSA",2011,1900,-0.0044,0
"IHGEM_vs_PFC","IHGEM","PFC","LBXIHG","LBXPFUA",2011,1900,0.2651,0.0703
"PBCD_EXT_vs_PFAS","PBCD_EXT","PFAS","LBXBCD","LBXMPAH",2013,559,0.0783,0.0061
"PBCD_EXT_vs_PFAS","PBCD_EXT","PFAS","LBXBCD","LBXPFBS",2013,559,0.0141,2e-04
"PBCD_EXT_vs_PFAS","PBCD_EXT","PFAS","LBXBCD","LBXPFDE",2013,559,0.0695,0.0048
"PBCD_EXT_vs_PFAS","PBCD_EXT","PFAS","LBXBCD","LBXPFDO",2013,559,0.0333,0.0011
"PBCD_EXT_vs_PFAS","PBCD_EXT","PFAS","LBXBCD","LBXPFHP",2013,559,-0.0973,0.0095
"PBCD_EXT_vs_PFAS","PBCD_EXT","PFAS","LBXBCD","LBXPFHS",2013,559,0.0169,3e-04
"PBCD_EXT_vs_PFAS","PBCD_EXT","PFAS","LBXBCD","LBXPFNA",2013,559,0.0205,4e-04
"PBCD_EXT_vs_PFAS","PBCD_EXT","PFAS","LBXBCD","LBXPFUA",2013,559,0.2005,0.0402
"PBCD_EXT_vs_PFAS","PBCD_EXT","PFAS","LBXBMN","LBXMPAH",2013,559,-0.0457,0.0021
"PBCD_EXT_vs_PFAS","PBCD_EXT","PFAS","LBXBMN","LBXPFBS",2013,559,-0.0663,0.0044
"PBCD_EXT_vs_PFAS","PBCD_EXT","PFAS","LBXBMN","LBXPFDE",2013,559,-0.0671,0.0045
"PBCD_EXT_vs_PFAS","PBCD_EXT","PFAS","LBXBMN","LBXPFDO",2013,559,-0.013,2e-04
"PBCD_EXT_vs_PFAS","PBCD_EXT","PFAS","LBXBMN","LBXPFHP",2013,559,-0.0227,5e-04
"PBCD_EXT_vs_PFAS","PBCD_EXT","PFAS","LBXBMN","LBXPFHS",2013,559,-0.1772,0.0314
"PBCD_EXT_vs_PFAS","PBCD_EXT","PFAS","LBXBMN","LBXPFNA",2013,559,-0.1225,0.015
"PBCD_EXT_vs_PFAS","PBCD_EXT","PFAS","LBXBMN","LBXPFUA",2013,559,-0.0208,4e-04
"PBCD_EXT_vs_PFAS","PBCD_EXT","PFAS","LBXBPB","LBXMPAH",2013,559,0.129,0.0166
"PBCD_EXT_vs_PFAS","PBCD_EXT","PFAS","LBXBPB","LBXPFBS",2013,559,0.0141,2e-04
"PBCD_EXT_vs_PFAS","PBCD_EXT","PFAS","LBXBPB","LBXPFDE",2013,559,0.2175,0.0473
"PBCD_EXT_vs_PFAS","PBCD_EXT","PFAS","LBXBPB","LBXPFDO",2013,559,0.0607,0.0037
"PBCD_EXT_vs_PFAS","PBCD_EXT","PFAS","LBXBPB","LBXPFHP",2013,559,-0.0153,2e-04
"PBCD_EXT_vs_PFAS","PBCD_EXT","PFAS","LBXBPB","LBXPFHS",2013,559,0.2008,0.0403
"PBCD_EXT_vs_PFAS","PBCD_EXT","PFAS","LBXBPB","LBXPFNA",2013,559,0.2198,0.0483
"PBCD_EXT_vs_PFAS","PBCD_EXT","PFAS","LBXBPB","LBXPFUA",2013,559,0.3164,0.1001
"PBCD_EXT_vs_PFAS","PBCD_EXT","PFAS","LBXBSE","LBXMPAH",2013,559,-0.0114,1e-04
"PBCD_EXT_vs_PFAS","PBCD_EXT","PFAS","LBXBSE","LBXPFBS",2013,559,0.0271,7e-04
"PBCD_EXT_vs_PFAS","PBCD_EXT","PFAS","LBXBSE","LBXPFDE",2013,559,0.0671,0.0045
"PBCD_EXT_vs_PFAS","PBCD_EXT","PFAS","LBXBSE","LBXPFDO",2013,559,0.0176,3e-04
"PBCD_EXT_vs_PFAS","PBCD_EXT","PFAS","LBXBSE","LBXPFHP",2013,559,0.0384,0.0015
"PBCD_EXT_vs_PFAS","PBCD_EXT","PFAS","LBXBSE","LBXPFHS",2013,559,0.0291,8e-04
"PBCD_EXT_vs_PFAS","PBCD_EXT","PFAS","LBXBSE","LBXPFNA",2013,559,0.0554,0.0031
"PBCD_EXT_vs_PFAS","PBCD_EXT","PFAS","LBXBSE","LBXPFUA",2013,559,0.1032,0.0107
"PBCD_EXT_vs_PFAS","PBCD_EXT","PFAS","LBXTHG","LBXMPAH",2013,559,-0.0228,5e-04
"PBCD_EXT_vs_PFAS","PBCD_EXT","PFAS","LBXTHG","LBXPFBS",2013,559,0.0163,3e-04
"PBCD_EXT_vs_PFAS","PBCD_EXT","PFAS","LBXTHG","LBXPFDE",2013,559,0.5493,0.3017
"PBCD_EXT_vs_PFAS","PBCD_EXT","PFAS","LBXTHG","LBXPFDO",2013,559,0.1464,0.0214
"PBCD_EXT_vs_PFAS","PBCD_EXT","PFAS","LBXTHG","LBXPFHP",2013,559,-0.0277,8e-04
"PBCD_EXT_vs_PFAS","PBCD_EXT","PFAS","LBXTHG","LBXPFHS",2013,559,0.128,0.0164
"PBCD_EXT_vs_PFAS","PBCD_EXT","PFAS","LBXTHG","LBXPFNA",2013,559,0.3883,0.1508
"PBCD_EXT_vs_PFAS","PBCD_EXT","PFAS","LBXTHG","LBXPFUA",2013,559,0.6949,0.4828
"PBCD_EXT_vs_PFAS","PBCD_EXT","PFAS","LBXBCD","LBXBFOA",2015,494,0.0385,0.0015
"PBCD_EXT_vs_PFAS","PBCD_EXT","PFAS","LBXBCD","LBXMFOS",2015,494,0.1142,0.013
"PBCD_EXT_vs_PFAS","PBCD_EXT","PFAS","LBXBCD","LBXMPAH",2015,494,0.0602,0.0036
"PBCD_EXT_vs_PFAS","PBCD_EXT","PFAS","LBXBCD","LBXNFOA",2015,494,0.0592,0.0035
"PBCD_EXT_vs_PFAS","PBCD_EXT","PFAS","LBXBCD","LBXNFOS",2015,494,0.1537,0.0236
"PBCD_EXT_vs_PFAS","PBCD_EXT","PFAS","LBXBCD","LBXPFDE",2015,494,0.111,0.0123
"PBCD_EXT_vs_PFAS","PBCD_EXT","PFAS","LBXBCD","LBXPFDO",2015,494,0.0328,0.0011
"PBCD_EXT_vs_PFAS","PBCD_EXT","PFAS","LBXBCD","LBXPFHS",2015,494,0.0759,0.0058
"PBCD_EXT_vs_PFAS","PBCD_EXT","PFAS","LBXBCD","LBXPFNA",2015,494,0.0602,0.0036
"PBCD_EXT_vs_PFAS","PBCD_EXT","PFAS","LBXBCD","LBXPFUA",2015,494,0.1434,0.0206
"PBCD_EXT_vs_PFAS","PBCD_EXT","PFAS","LBXBMN","LBXBFOA",2015,494,-0.0683,0.0047
"PBCD_EXT_vs_PFAS","PBCD_EXT","PFAS","LBXBMN","LBXMFOS",2015,494,-0.2193,0.0481
"PBCD_EXT_vs_PFAS","PBCD_EXT","PFAS","LBXBMN","LBXMPAH",2015,494,0.0108,1e-04
"PBCD_EXT_vs_PFAS","PBCD_EXT","PFAS","LBXBMN","LBXNFOA",2015,494,-0.17,0.0289
"PBCD_EXT_vs_PFAS","PBCD_EXT","PFAS","LBXBMN","LBXNFOS",2015,494,-0.172,0.0296
"PBCD_EXT_vs_PFAS","PBCD_EXT","PFAS","LBXBMN","LBXPFDE",2015,494,-0.02,4e-04
"PBCD_EXT_vs_PFAS","PBCD_EXT","PFAS","LBXBMN","LBXPFDO",2015,494,0.0339,0.0011
"PBCD_EXT_vs_PFAS","PBCD_EXT","PFAS","LBXBMN","LBXPFHS",2015,494,-0.2737,0.0749
"PBCD_EXT_vs_PFAS","PBCD_EXT","PFAS","LBXBMN","LBXPFNA",2015,494,-0.1202,0.0145
"PBCD_EXT_vs_PFAS","PBCD_EXT","PFAS","LBXBMN","LBXPFUA",2015,494,0.0209,4e-04
"PBCD_EXT_vs_PFAS","PBCD_EXT","PFAS","LBXBPB","LBXBFOA",2015,494,0.0769,0.0059
"PBCD_EXT_vs_PFAS","PBCD_EXT","PFAS","LBXBPB","LBXMFOS",2015,494,0.38,0.1444
"PBCD_EXT_vs_PFAS","PBCD_EXT","PFAS","LBXBPB","LBXMPAH",2015,494,0.1336,0.0179
"PBCD_EXT_vs_PFAS","PBCD_EXT","PFAS","LBXBPB","LBXNFOA",2015,494,0.2737,0.0749
"PBCD_EXT_vs_PFAS","PBCD_EXT","PFAS","LBXBPB","LBXNFOS",2015,494,0.3629,0.1317
"PBCD_EXT_vs_PFAS","PBCD_EXT","PFAS","LBXBPB","LBXPFDE",2015,494,0.2313,0.0535
"PBCD_EXT_vs_PFAS","PBCD_EXT","PFAS","LBXBPB","LBXPFDO",2015,494,0.0463,0.0021
"PBCD_EXT_vs_PFAS","PBCD_EXT","PFAS","LBXBPB","LBXPFHS",2015,494,0.2956,0.0874
"PBCD_EXT_vs_PFAS","PBCD_EXT","PFAS","LBXBPB","LBXPFNA",2015,494,0.2873,0.0826
"PBCD_EXT_vs_PFAS","PBCD_EXT","PFAS","LBXBPB","LBXPFUA",2015,494,0.2056,0.0423
"PBCD_EXT_vs_PFAS","PBCD_EXT","PFAS","LBXBSE","LBXBFOA",2015,494,-0.0394,0.0015
"PBCD_EXT_vs_PFAS","PBCD_EXT","PFAS","LBXBSE","LBXMFOS",2015,494,0.0826,0.0068
"PBCD_EXT_vs_PFAS","PBCD_EXT","PFAS","LBXBSE","LBXMPAH",2015,494,0.0605,0.0037
"PBCD_EXT_vs_PFAS","PBCD_EXT","PFAS","LBXBSE","LBXNFOA",2015,494,0.0624,0.0039
"PBCD_EXT_vs_PFAS","PBCD_EXT","PFAS","LBXBSE","LBXNFOS",2015,494,0.0196,4e-04
"PBCD_EXT_vs_PFAS","PBCD_EXT","PFAS","LBXBSE","LBXPFDE",2015,494,-0.0143,2e-04
"PBCD_EXT_vs_PFAS","PBCD_EXT","PFAS","LBXBSE","LBXPFDO",2015,494,0.0228,5e-04
"PBCD_EXT_vs_PFAS","PBCD_EXT","PFAS","LBXBSE","LBXPFHS",2015,494,0.0788,0.0062
"PBCD_EXT_vs_PFAS","PBCD_EXT","PFAS","LBXBSE","LBXPFNA",2015,494,-0.0255,7e-04
"PBCD_EXT_vs_PFAS","PBCD_EXT","PFAS","LBXBSE","LBXPFUA",2015,494,-0.0084,1e-04
"PBCD_EXT_vs_PFAS","PBCD_EXT","PFAS","LBXTHG","LBXBFOA",2015,494,0.095,0.009
"PBCD_EXT_vs_PFAS","PBCD_EXT","PFAS","LBXTHG","LBXMFOS",2015,494,0.2268,0.0515
"PBCD_EXT_vs_PFAS","PBCD_EXT","PFAS","LBXTHG","LBXMPAH",2015,494,-0.1087,0.0118
"PBCD_EXT_vs_PFAS","PBCD_EXT","PFAS","LBXTHG","LBXNFOA",2015,494,0.1958,0.0383
"PBCD_EXT_vs_PFAS","PBCD_EXT","PFAS","LBXTHG","LBXNFOS",2015,494,0.4159,0.173
"PBCD_EXT_vs_PFAS","PBCD_EXT","PFAS","LBXTHG","LBXPFDE",2015,494,0.504,0.254
"PBCD_EXT_vs_PFAS","PBCD_EXT","PFAS","LBXTHG","LBXPFDO",2015,494,0.134,0.0179
"PBCD_EXT_vs_PFAS","PBCD_EXT","PFAS","LBXTHG","LBXPFHS",2015,494,0.0937,0.0088
"PBCD_EXT_vs_PFAS","PBCD_EXT","PFAS","LBXTHG","LBXPFNA",2015,494,0.4288,0.1839
"PBCD_EXT_vs_PFAS","PBCD_EXT","PFAS","LBXTHG","LBXPFUA",2015,494,0.5814,0.3381
"PBCD_EXT_vs_PFAS","PBCD_EXT","PFAS","LBXBCD","LBXBFOA",2017,1927,0.0166,3e-04
"PBCD_EXT_vs_PFAS","PBCD_EXT","PFAS","LBXBCD","LBXMFOS",2017,1927,0.0721,0.0052
"PBCD_EXT_vs_PFAS","PBCD_EXT","PFAS","LBXBCD","LBXMPAH",2017,1927,0.0867,0.0075
"PBCD_EXT_vs_PFAS","PBCD_EXT","PFAS","LBXBCD","LBXNFOA",2017,1927,0.049,0.0024
"PBCD_EXT_vs_PFAS","PBCD_EXT","PFAS","LBXBCD","LBXNFOS",2017,1927,0.0782,0.0061
"PBCD_EXT_vs_PFAS","PBCD_EXT","PFAS","LBXBCD","LBXPFDE",2017,1927,0.0941,0.0089
"PBCD_EXT_vs_PFAS","PBCD_EXT","PFAS","LBXBCD","LBXPFHS",2017,1927,0.0149,2e-04
"PBCD_EXT_vs_PFAS","PBCD_EXT","PFAS","LBXBCD","LBXPFNA",2017,1927,0.0616,0.0038
"PBCD_EXT_vs_PFAS","PBCD_EXT","PFAS","LBXBCD","LBXPFUA",2017,1927,0.1659,0.0275
"PBCD_EXT_vs_PFAS","PBCD_EXT","PFAS","LBXBMN","LBXBFOA",2017,1927,0.0051,0
"PBCD_EXT_vs_PFAS","PBCD_EXT","PFAS","LBXBMN","LBXMFOS",2017,1927,-0.2149,0.0462
"PBCD_EXT_vs_PFAS","PBCD_EXT","PFAS","LBXBMN","LBXMPAH",2017,1927,-0.092,0.0085
"PBCD_EXT_vs_PFAS","PBCD_EXT","PFAS","LBXBMN","LBXNFOA",2017,1927,-0.0833,0.0069
"PBCD_EXT_vs_PFAS","PBCD_EXT","PFAS","LBXBMN","LBXNFOS",2017,1927,-0.1447,0.0209
"PBCD_EXT_vs_PFAS","PBCD_EXT","PFAS","LBXBMN","LBXPFDE",2017,1927,0.0159,3e-04
"PBCD_EXT_vs_PFAS","PBCD_EXT","PFAS","LBXBMN","LBXPFHS",2017,1927,-0.1767,0.0312
"PBCD_EXT_vs_PFAS","PBCD_EXT","PFAS","LBXBMN","LBXPFNA",2017,1927,-0.0619,0.0038
"PBCD_EXT_vs_PFAS","PBCD_EXT","PFAS","LBXBMN","LBXPFUA",2017,1927,0.0323,0.001
"PBCD_EXT_vs_PFAS","PBCD_EXT","PFAS","LBXBPB","LBXBFOA",2017,1927,0.0318,0.001
"PBCD_EXT_vs_PFAS","PBCD_EXT","PFAS","LBXBPB","LBXMFOS",2017,1927,0.2734,0.0748
"PBCD_EXT_vs_PFAS","PBCD_EXT","PFAS","LBXBPB","LBXMPAH",2017,1927,0.1111,0.0123
"PBCD_EXT_vs_PFAS","PBCD_EXT","PFAS","LBXBPB","LBXNFOA",2017,1927,0.2105,0.0443
"PBCD_EXT_vs_PFAS","PBCD_EXT","PFAS","LBXBPB","LBXNFOS",2017,1927,0.2575,0.0663
"PBCD_EXT_vs_PFAS","PBCD_EXT","PFAS","LBXBPB","LBXPFDE",2017,1927,0.2129,0.0453
"PBCD_EXT_vs_PFAS","PBCD_EXT","PFAS","LBXBPB","LBXPFHS",2017,1927,0.2128,0.0453
"PBCD_EXT_vs_PFAS","PBCD_EXT","PFAS","LBXBPB","LBXPFNA",2017,1927,0.1982,0.0393
"PBCD_EXT_vs_PFAS","PBCD_EXT","PFAS","LBXBPB","LBXPFUA",2017,1927,0.2089,0.0436
"PBCD_EXT_vs_PFAS","PBCD_EXT","PFAS","LBXBSE","LBXBFOA",2017,1927,0.0188,4e-04
"PBCD_EXT_vs_PFAS","PBCD_EXT","PFAS","LBXBSE","LBXMFOS",2017,1927,0.0986,0.0097
"PBCD_EXT_vs_PFAS","PBCD_EXT","PFAS","LBXBSE","LBXMPAH",2017,1927,0.0137,2e-04
"PBCD_EXT_vs_PFAS","PBCD_EXT","PFAS","LBXBSE","LBXNFOA",2017,1927,0.1004,0.0101
"PBCD_EXT_vs_PFAS","PBCD_EXT","PFAS","LBXBSE","LBXNFOS",2017,1927,0.1065,0.0113
"PBCD_EXT_vs_PFAS","PBCD_EXT","PFAS","LBXBSE","LBXPFDE",2017,1927,0.0747,0.0056
"PBCD_EXT_vs_PFAS","PBCD_EXT","PFAS","LBXBSE","LBXPFHS",2017,1927,0.1121,0.0126
"PBCD_EXT_vs_PFAS","PBCD_EXT","PFAS","LBXBSE","LBXPFNA",2017,1927,0.0981,0.0096
"PBCD_EXT_vs_PFAS","PBCD_EXT","PFAS","LBXBSE","LBXPFUA",2017,1927,0.1132,0.0128
"PBCD_EXT_vs_PFAS","PBCD_EXT","PFAS","LBXTHG","LBXBFOA",2017,1927,0.0146,2e-04
"PBCD_EXT_vs_PFAS","PBCD_EXT","PFAS","LBXTHG","LBXMFOS",2017,1927,0.2077,0.0431
"PBCD_EXT_vs_PFAS","PBCD_EXT","PFAS","LBXTHG","LBXMPAH",2017,1927,-0.0204,4e-04
"PBCD_EXT_vs_PFAS","PBCD_EXT","PFAS","LBXTHG","LBXNFOA",2017,1927,0.2292,0.0526
"PBCD_EXT_vs_PFAS","PBCD_EXT","PFAS","LBXTHG","LBXNFOS",2017,1927,0.3565,0.1271
"PBCD_EXT_vs_PFAS","PBCD_EXT","PFAS","LBXTHG","LBXPFDE",2017,1927,0.5063,0.2564
"PBCD_EXT_vs_PFAS","PBCD_EXT","PFAS","LBXTHG","LBXPFHS",2017,1927,0.1212,0.0147
"PBCD_EXT_vs_PFAS","PBCD_EXT","PFAS","LBXTHG","LBXPFNA",2017,1927,0.375,0.1406
"PBCD_EXT_vs_PFAS","PBCD_EXT","PFAS","LBXTHG","LBXPFUA",2017,1927,0.6633,0.4399
"PBCD_EXT_vs_PFC","PBCD_EXT","PFC","LBXBCD","LBXEPAH",2011,1902,0.0396,0.0016
"PBCD_EXT_vs_PFC","PBCD_EXT","PFC","LBXBCD","LBXMPAH",2011,1902,0.0763,0.0058
"PBCD_EXT_vs_PFC","PBCD_EXT","PFC","LBXBCD","LBXPFBS",2011,1902,0.0055,0
"PBCD_EXT_vs_PFC","PBCD_EXT","PFC","LBXBCD","LBXPFDE",2011,1902,0.1017,0.0103
"PBCD_EXT_vs_PFC","PBCD_EXT","PFC","LBXBCD","LBXPFDO",2011,1902,0.0913,0.0083
"PBCD_EXT_vs_PFC","PBCD_EXT","PFC","LBXBCD","LBXPFHP",2011,1902,-0.0017,0
"PBCD_EXT_vs_PFC","PBCD_EXT","PFC","LBXBCD","LBXPFHS",2011,1902,-0.0793,0.0063
"PBCD_EXT_vs_PFC","PBCD_EXT","PFC","LBXBCD","LBXPFNA",2011,1902,0.025,6e-04
"PBCD_EXT_vs_PFC","PBCD_EXT","PFC","LBXBCD","LBXPFOA",2011,1902,-0.0226,5e-04
"PBCD_EXT_vs_PFC","PBCD_EXT","PFC","LBXBCD","LBXPFOS",2011,1902,0.0184,3e-04
"PBCD_EXT_vs_PFC","PBCD_EXT","PFC","LBXBCD","LBXPFSA",2011,1902,0.0114,1e-04
"PBCD_EXT_vs_PFC","PBCD_EXT","PFC","LBXBCD","LBXPFUA",2011,1902,0.1503,0.0226
"PBCD_EXT_vs_PFC","PBCD_EXT","PFC","LBXBMN","LBXEPAH",2011,1902,-0.0109,1e-04
"PBCD_EXT_vs_PFC","PBCD_EXT","PFC","LBXBMN","LBXMPAH",2011,1902,-0.0709,0.005
"PBCD_EXT_vs_PFC","PBCD_EXT","PFC","LBXBMN","LBXPFBS",2011,1902,-0.0162,3e-04
"PBCD_EXT_vs_PFC","PBCD_EXT","PFC","LBXBMN","LBXPFDE",2011,1902,0.0099,1e-04
"PBCD_EXT_vs_PFC","PBCD_EXT","PFC","LBXBMN","LBXPFDO",2011,1902,0.0655,0.0043
"PBCD_EXT_vs_PFC","PBCD_EXT","PFC","LBXBMN","LBXPFHP",2011,1902,0.0131,2e-04
"PBCD_EXT_vs_PFC","PBCD_EXT","PFC","LBXBMN","LBXPFHS",2011,1902,-0.1741,0.0303
"PBCD_EXT_vs_PFC","PBCD_EXT","PFC","LBXBMN","LBXPFNA",2011,1902,-0.0552,0.0031
"PBCD_EXT_vs_PFC","PBCD_EXT","PFC","LBXBMN","LBXPFOA",2011,1902,-0.1098,0.0121
"PBCD_EXT_vs_PFC","PBCD_EXT","PFC","LBXBMN","LBXPFOS",2011,1902,-0.1592,0.0253
"PBCD_EXT_vs_PFC","PBCD_EXT","PFC","LBXBMN","LBXPFSA",2011,1902,-0.0147,2e-04
"PBCD_EXT_vs_PFC","PBCD_EXT","PFC","LBXBMN","LBXPFUA",2011,1902,0.0722,0.0052
"PBCD_EXT_vs_PFC","PBCD_EXT","PFC","LBXBPB","LBXEPAH",2011,1902,0.0676,0.0046
"PBCD_EXT_vs_PFC","PBCD_EXT","PFC","LBXBPB","LBXMPAH",2011,1902,0.123,0.0151
"PBCD_EXT_vs_PFC","PBCD_EXT","PFC","LBXBPB","LBXPFBS",2011,1902,0.0719,0.0052
"PBCD_EXT_vs_PFC","PBCD_EXT","PFC","LBXBPB","LBXPFDE",2011,1902,0.2128,0.0453
"PBCD_EXT_vs_PFC","PBCD_EXT","PFC","LBXBPB","LBXPFDO",2011,1902,0.0976,0.0095
"PBCD_EXT_vs_PFC","PBCD_EXT","PFC","LBXBPB","LBXPFHP",2011,1902,0.0596,0.0035
"PBCD_EXT_vs_PFC","PBCD_EXT","PFC","LBXBPB","LBXPFHS",2011,1902,0.1293,0.0167
"PBCD_EXT_vs_PFC","PBCD_EXT","PFC","LBXBPB","LBXPFNA",2011,1902,0.1604,0.0257
"PBCD_EXT_vs_PFC","PBCD_EXT","PFC","LBXBPB","LBXPFOA",2011,1902,0.1224,0.015
"PBCD_EXT_vs_PFC","PBCD_EXT","PFC","LBXBPB","LBXPFOS",2011,1902,0.2388,0.057
"PBCD_EXT_vs_PFC","PBCD_EXT","PFC","LBXBPB","LBXPFSA",2011,1902,0.0172,3e-04
"PBCD_EXT_vs_PFC","PBCD_EXT","PFC","LBXBPB","LBXPFUA",2011,1902,0.2389,0.0571
"PBCD_EXT_vs_PFC","PBCD_EXT","PFC","LBXBSE","LBXEPAH",2011,1902,0.0123,2e-04
"PBCD_EXT_vs_PFC","PBCD_EXT","PFC","LBXBSE","LBXMPAH",2011,1902,-0.0316,0.001
"PBCD_EXT_vs_PFC","PBCD_EXT","PFC","LBXBSE","LBXPFBS",2011,1902,0.0122,1e-04
"PBCD_EXT_vs_PFC","PBCD_EXT","PFC","LBXBSE","LBXPFDE",2011,1902,0.0025,0
"PBCD_EXT_vs_PFC","PBCD_EXT","PFC","LBXBSE","LBXPFDO",2011,1902,0.0027,0
"PBCD_EXT_vs_PFC","PBCD_EXT","PFC","LBXBSE","LBXPFHP",2011,1902,0.0024,0
"PBCD_EXT_vs_PFC","PBCD_EXT","PFC","LBXBSE","LBXPFHS",2011,1902,0.0311,0.001
"PBCD_EXT_vs_PFC","PBCD_EXT","PFC","LBXBSE","LBXPFNA",2011,1902,0.0631,0.004
"PBCD_EXT_vs_PFC","PBCD_EXT","PFC","LBXBSE","LBXPFOA",2011,1902,0.0499,0.0025
"PBCD_EXT_vs_PFC","PBCD_EXT","PFC","LBXBSE","LBXPFOS",2011,1902,0.032,0.001
"PBCD_EXT_vs_PFC","PBCD_EXT","PFC","LBXBSE","LBXPFSA",2011,1902,-0.015,2e-04
"PBCD_EXT_vs_PFC","PBCD_EXT","PFC","LBXBSE","LBXPFUA",2011,1902,0.022,5e-04
"PBCD_EXT_vs_PFC","PBCD_EXT","PFC","LBXTHG","LBXEPAH",2011,1902,0.0374,0.0014
"PBCD_EXT_vs_PFC","PBCD_EXT","PFC","LBXTHG","LBXMPAH",2011,1902,-0.0845,0.0071
"PBCD_EXT_vs_PFC","PBCD_EXT","PFC","LBXTHG","LBXPFBS",2011,1902,0.0164,3e-04
"PBCD_EXT_vs_PFC","PBCD_EXT","PFC","LBXTHG","LBXPFDE",2011,1902,0.4727,0.2235
"PBCD_EXT_vs_PFC","PBCD_EXT","PFC","LBXTHG","LBXPFDO",2011,1902,0.252,0.0635
"PBCD_EXT_vs_PFC","PBCD_EXT","PFC","LBXTHG","LBXPFHP",2011,1902,-0.0118,1e-04
"PBCD_EXT_vs_PFC","PBCD_EXT","PFC","LBXTHG","LBXPFHS",2011,1902,0.0323,0.001
"PBCD_EXT_vs_PFC","PBCD_EXT","PFC","LBXTHG","LBXPFNA",2011,1902,0.3133,0.0982
"PBCD_EXT_vs_PFC","PBCD_EXT","PFC","LBXTHG","LBXPFOA",2011,1902,0.1074,0.0115
"PBCD_EXT_vs_PFC","PBCD_EXT","PFC","LBXTHG","LBXPFOS",2011,1902,0.2329,0.0542
"PBCD_EXT_vs_PFC","PBCD_EXT","PFC","LBXTHG","LBXPFSA",2011,1902,0.0065,0
"PBCD_EXT_vs_PFC","PBCD_EXT","PFC","LBXTHG","LBXPFUA",2011,1902,0.6477,0.4195
"PFAS_vs_PHTHTE","PFAS","PHTHTE","LBXMPAH","URXCNP",2013,2127,-0.0068,0
"PFAS_vs_PHTHTE","PFAS","PHTHTE","LBXMPAH","URXCOP",2013,2127,-0.0311,0.001
"PFAS_vs_PHTHTE","PFAS","PHTHTE","LBXMPAH","URXECP",2013,2127,-0.0177,3e-04
"PFAS_vs_PHTHTE","PFAS","PHTHTE","LBXMPAH","URXMBP",2013,2127,-0.0213,5e-04
"PFAS_vs_PHTHTE","PFAS","PHTHTE","LBXMPAH","URXMC1",2013,2127,0.0051,0
"PFAS_vs_PHTHTE","PFAS","PHTHTE","LBXMPAH","URXMEP",2013,2127,-0.0141,2e-04
"PFAS_vs_PHTHTE","PFAS","PHTHTE","LBXMPAH","URXMHH",2013,2127,-0.02,4e-04
"PFAS_vs_PHTHTE","PFAS","PHTHTE","LBXMPAH","URXMHNC",2013,2127,-0.0387,0.0015
"PFAS_vs_PHTHTE","PFAS","PHTHTE","LBXMPAH","URXMHP",2013,2127,-0.034,0.0012
"PFAS_vs_PHTHTE","PFAS","PHTHTE","LBXMPAH","URXMIB",2013,2127,-0.0713,0.0051
"PFAS_vs_PHTHTE","PFAS","PHTHTE","LBXMPAH","URXMNP",2013,2127,-0.0358,0.0013
"PFAS_vs_PHTHTE","PFAS","PHTHTE","LBXMPAH","URXMOH",2013,2127,-0.017,3e-04
"PFAS_vs_PHTHTE","PFAS","PHTHTE","LBXMPAH","URXMZP",2013,2127,0.0563,0.0032
"PFAS_vs_PHTHTE","PFAS","PHTHTE","LBXMPAH","URXUCR",2013,2130,-0.0336,0.0011
"PFAS_vs_PHTHTE","PFAS","PHTHTE","LBXPFBS","URXCNP",2013,2127,0.0055,0
"PFAS_vs_PHTHTE","PFAS","PHTHTE","LBXPFBS","URXCOP",2013,2127,0.0119,1e-04
"PFAS_vs_PHTHTE","PFAS","PHTHTE","LBXPFBS","URXECP",2013,2127,0.0089,1e-04
"PFAS_vs_PHTHTE","PFAS","PHTHTE","LBXPFBS","URXMBP",2013,2127,-0.0078,1e-04
"PFAS_vs_PHTHTE","PFAS","PHTHTE","LBXPFBS","URXMC1",2013,2127,-0.013,2e-04
"PFAS_vs_PHTHTE","PFAS","PHTHTE","LBXPFBS","URXMEP",2013,2127,-0.0023,0
"PFAS_vs_PHTHTE","PFAS","PHTHTE","LBXPFBS","URXMHH",2013,2127,0.0054,0
"PFAS_vs_PHTHTE","PFAS","PHTHTE","LBXPFBS","URXMHNC",2013,2127,-0.0131,2e-04
"PFAS_vs_PHTHTE","PFAS","PHTHTE","LBXPFBS","URXMHP",2013,2127,0.0295,9e-04
"PFAS_vs_PHTHTE","PFAS","PHTHTE","LBXPFBS","URXMIB",2013,2127,-0.0098,1e-04
"PFAS_vs_PHTHTE","PFAS","PHTHTE","LBXPFBS","URXMNP",2013,2127,-0.0128,2e-04
"PFAS_vs_PHTHTE","PFAS","PHTHTE","LBXPFBS","URXMOH",2013,2127,0.0095,1e-04
"PFAS_vs_PHTHTE","PFAS","PHTHTE","LBXPFBS","URXMZP",2013,2127,-0.0023,0
"PFAS_vs_PHTHTE","PFAS","PHTHTE","LBXPFBS","URXUCR",2013,2130,-0.0255,6e-04
"PFAS_vs_PHTHTE","PFAS","PHTHTE","LBXPFDE","URXCNP",2013,2127,-0.1276,0.0163
"PFAS_vs_PHTHTE","PFAS","PHTHTE","LBXPFDE","URXCOP",2013,2127,-0.1136,0.0129
"PFAS_vs_PHTHTE","PFAS","PHTHTE","LBXPFDE","URXECP",2013,2127,-0.1173,0.0138
"PFAS_vs_PHTHTE","PFAS","PHTHTE","LBXPFDE","URXMBP",2013,2127,-0.0388,0.0015
"PFAS_vs_PHTHTE","PFAS","PHTHTE","LBXPFDE","URXMC1",2013,2127,-0.1015,0.0103
"PFAS_vs_PHTHTE","PFAS","PHTHTE","LBXPFDE","URXMEP",2013,2127,-0.0365,0.0013
"PFAS_vs_PHTHTE","PFAS","PHTHTE","LBXPFDE","URXMHH",2013,2127,-0.0864,0.0075
"PFAS_vs_PHTHTE","PFAS","PHTHTE","LBXPFDE","URXMHNC",2013,2127,-0.0825,0.0068
"PFAS_vs_PHTHTE","PFAS","PHTHTE","LBXPFDE","URXMHP",2013,2127,-0.0564,0.0032
"PFAS_vs_PHTHTE","PFAS","PHTHTE","LBXPFDE","URXMIB",2013,2127,-0.0663,0.0044
"PFAS_vs_PHTHTE","PFAS","PHTHTE","LBXPFDE","URXMNP",2013,2127,-0.06,0.0036
"PFAS_vs_PHTHTE","PFAS","PHTHTE","LBXPFDE","URXMOH",2013,2127,-0.0974,0.0095
"PFAS_vs_PHTHTE","PFAS","PHTHTE","LBXPFDE","URXMZP",2013,2127,-0.1374,0.0189
"PFAS_vs_PHTHTE","PFAS","PHTHTE","LBXPFDE","URXUCR",2013,2130,-0.0567,0.0032
"PFAS_vs_PHTHTE","PFAS","PHTHTE","LBXPFDO","URXCNP",2013,2127,-0.1558,0.0243
"PFAS_vs_PHTHTE","PFAS","PHTHTE","LBXPFDO","URXCOP",2013,2127,-0.1412,0.0199
"PFAS_vs_PHTHTE","PFAS","PHTHTE","LBXPFDO","URXECP",2013,2127,-0.0575,0.0033
"PFAS_vs_PHTHTE","PFAS","PHTHTE","LBXPFDO","URXMBP",2013,2127,-0.031,0.001
"PFAS_vs_PHTHTE","PFAS","PHTHTE","LBXPFDO","URXMC1",2013,2127,-0.1334,0.0178
"PFAS_vs_PHTHTE","PFAS","PHTHTE","LBXPFDO","URXMEP",2013,2127,-0.0714,0.0051
"PFAS_vs_PHTHTE","PFAS","PHTHTE","LBXPFDO","URXMHH",2013,2127,-0.0705,0.005
"PFAS_vs_PHTHTE","PFAS","PHTHTE","LBXPFDO","URXMHNC",2013,2127,-0.0227,5e-04
"PFAS_vs_PHTHTE","PFAS","PHTHTE","LBXPFDO","URXMHP",2013,2127,-0.0263,7e-04
"PFAS_vs_PHTHTE","PFAS","PHTHTE","LBXPFDO","URXMIB",2013,2127,-0.0132,2e-04
"PFAS_vs_PHTHTE","PFAS","PHTHTE","LBXPFDO","URXMNP",2013,2127,-0.0831,0.0069
"PFAS_vs_PHTHTE","PFAS","PHTHTE","LBXPFDO","URXMOH",2013,2127,-0.0524,0.0027
"PFAS_vs_PHTHTE","PFAS","PHTHTE","LBXPFDO","URXMZP",2013,2127,-0.0871,0.0076
"PFAS_vs_PHTHTE","PFAS","PHTHTE","LBXPFDO","URXUCR",2013,2130,-0.0303,9e-04
"PFAS_vs_PHTHTE","PFAS","PHTHTE","LBXPFHP","URXCNP",2013,2127,-0.0518,0.0027
"PFAS_vs_PHTHTE","PFAS","PHTHTE","LBXPFHP","URXCOP",2013,2127,-0.0159,3e-04
"PFAS_vs_PHTHTE","PFAS","PHTHTE","LBXPFHP","URXECP",2013,2127,-0.0068,0
"PFAS_vs_PHTHTE","PFAS","PHTHTE","LBXPFHP","URXMBP",2013,2127,-0.0108,1e-04
"PFAS_vs_PHTHTE","PFAS","PHTHTE","LBXPFHP","URXMC1",2013,2127,-0.0304,9e-04
"PFAS_vs_PHTHTE","PFAS","PHTHTE","LBXPFHP","URXMEP",2013,2127,0.0089,1e-04
"PFAS_vs_PHTHTE","PFAS","PHTHTE","LBXPFHP","URXMHH",2013,2127,-0.0163,3e-04
"PFAS_vs_PHTHTE","PFAS","PHTHTE","LBXPFHP","URXMHNC",2013,2127,-0.0108,1e-04
"PFAS_vs_PHTHTE","PFAS","PHTHTE","LBXPFHP","URXMHP",2013,2127,-0.1068,0.0114
"PFAS_vs_PHTHTE","PFAS","PHTHTE","LBXPFHP","URXMIB",2013,2127,-0.0227,5e-04
"PFAS_vs_PHTHTE","PFAS","PHTHTE","LBXPFHP","URXMNP",2013,2127,-0.0736,0.0054
"PFAS_vs_PHTHTE","PFAS","PHTHTE","LBXPFHP","URXMOH",2013,2127,-0.0146,2e-04
"PFAS_vs_PHTHTE","PFAS","PHTHTE","LBXPFHP","URXMZP",2013,2127,0.0038,0
"PFAS_vs_PHTHTE","PFAS","PHTHTE","LBXPFHP","URXUCR",2013,2130,-0.0389,0.0015
"PFAS_vs_PHTHTE","PFAS","PHTHTE","LBXPFHS","URXCNP",2013,2127,-0.0053,0
"PFAS_vs_PHTHTE","PFAS","PHTHTE","LBXPFHS","URXCOP",2013,2127,-0.0258,7e-04
"PFAS_vs_PHTHTE","PFAS","PHTHTE","LBXPFHS","URXECP",2013,2127,-0.0336,0.0011
"PFAS_vs_PHTHTE","PFAS","PHTHTE","LBXPFHS","URXMBP",2013,2127,-0.0329,0.0011
"PFAS_vs_PHTHTE","PFAS","PHTHTE","LBXPFHS","URXMC1",2013,2127,-0.014,2e-04
"PFAS_vs_PHTHTE","PFAS","PHTHTE","LBXPFHS","URXMEP",2013,2127,-0.0064,0
"PFAS_vs_PHTHTE","PFAS","PHTHTE","LBXPFHS","URXMHH",2013,2127,-5e-04,0
"PFAS_vs_PHTHTE","PFAS","PHTHTE","LBXPFHS","URXMHNC",2013,2127,-0.0868,0.0075
"PFAS_vs_PHTHTE","PFAS","PHTHTE","LBXPFHS","URXMHP",2013,2127,-0.0489,0.0024
"PFAS_vs_PHTHTE","PFAS","PHTHTE","LBXPFHS","URXMIB",2013,2127,-0.0586,0.0034
"PFAS_vs_PHTHTE","PFAS","PHTHTE","LBXPFHS","URXMNP",2013,2127,-0.0511,0.0026
"PFAS_vs_PHTHTE","PFAS","PHTHTE","LBXPFHS","URXMOH",2013,2127,-0.0275,8e-04
"PFAS_vs_PHTHTE","PFAS","PHTHTE","LBXPFHS","URXMZP",2013,2127,-0.0522,0.0027
"PFAS_vs_PHTHTE","PFAS","PHTHTE","LBXPFHS","URXUCR",2013,2130,0.03,9e-04
"PFAS_vs_PHTHTE","PFAS","PHTHTE","LBXPFNA","URXCNP",2013,2127,-0.0552,0.003
"PFAS_vs_PHTHTE","PFAS","PHTHTE","LBXPFNA","URXCOP",2013,2127,-0.0532,0.0028
"PFAS_vs_PHTHTE","PFAS","PHTHTE","LBXPFNA","URXECP",2013,2127,-0.0793,0.0063
"PFAS_vs_PHTHTE","PFAS","PHTHTE","LBXPFNA","URXMBP",2013,2127,-0.0122,1e-04
"PFAS_vs_PHTHTE","PFAS","PHTHTE","LBXPFNA","URXMC1",2013,2127,-0.0454,0.0021
"PFAS_vs_PHTHTE","PFAS","PHTHTE","LBXPFNA","URXMEP",2013,2127,0.002,0
"PFAS_vs_PHTHTE","PFAS","PHTHTE","LBXPFNA","URXMHH",2013,2127,-0.0437,0.0019
"PFAS_vs_PHTHTE","PFAS","PHTHTE","LBXPFNA","URXMHNC",2013,2127,-0.0714,0.0051
"PFAS_vs_PHTHTE","PFAS","PHTHTE","LBXPFNA","URXMHP",2013,2127,-0.0569,0.0032
"PFAS_vs_PHTHTE","PFAS","PHTHTE","LBXPFNA","URXMIB",2013,2127,-0.0383,0.0015
"PFAS_vs_PHTHTE","PFAS","PHTHTE","LBXPFNA","URXMNP",2013,2127,-0.0567,0.0032
"PFAS_vs_PHTHTE","PFAS","PHTHTE","LBXPFNA","URXMOH",2013,2127,-0.0562,0.0032
"PFAS_vs_PHTHTE","PFAS","PHTHTE","LBXPFNA","URXMZP",2013,2127,-0.0971,0.0094
"PFAS_vs_PHTHTE","PFAS","PHTHTE","LBXPFNA","URXUCR",2013,2130,-0.0105,1e-04
"PFAS_vs_PHTHTE","PFAS","PHTHTE","LBXPFUA","URXCNP",2013,2127,-0.142,0.0202
"PFAS_vs_PHTHTE","PFAS","PHTHTE","LBXPFUA","URXCOP",2013,2127,-0.1135,0.0129
"PFAS_vs_PHTHTE","PFAS","PHTHTE","LBXPFUA","URXECP",2013,2127,-0.1191,0.0142
"PFAS_vs_PHTHTE","PFAS","PHTHTE","LBXPFUA","URXMBP",2013,2127,-0.0485,0.0024
"PFAS_vs_PHTHTE","PFAS","PHTHTE","LBXPFUA","URXMC1",2013,2127,-0.0984,0.0097
"PFAS_vs_PHTHTE","PFAS","PHTHTE","LBXPFUA","URXMEP",2013,2127,-0.0566,0.0032
"PFAS_vs_PHTHTE","PFAS","PHTHTE","LBXPFUA","URXMHH",2013,2127,-0.1009,0.0102
"PFAS_vs_PHTHTE","PFAS","PHTHTE","LBXPFUA","URXMHNC",2013,2127,-0.0628,0.0039
"PFAS_vs_PHTHTE","PFAS","PHTHTE","LBXPFUA","URXMHP",2013,2127,-0.034,0.0012
"PFAS_vs_PHTHTE","PFAS","PHTHTE","LBXPFUA","URXMIB",2013,2127,-0.0748,0.0056
"PFAS_vs_PHTHTE","PFAS","PHTHTE","LBXPFUA","URXMNP",2013,2127,-0.0462,0.0021
"PFAS_vs_PHTHTE","PFAS","PHTHTE","LBXPFUA","URXMOH",2013,2127,-0.1074,0.0115
"PFAS_vs_PHTHTE","PFAS","PHTHTE","LBXPFUA","URXMZP",2013,2127,-0.1793,0.0321
"PFAS_vs_PHTHTE","PFAS","PHTHTE","LBXPFUA","URXUCR",2013,2130,-0.0741,0.0055
"PFAS_vs_PHTHTE","PFAS","PHTHTE","LBXBFOA","URXCNP",2015,1947,0.0335,0.0011
"PFAS_vs_PHTHTE","PFAS","PHTHTE","LBXBFOA","URXCOP",2015,1947,0.0813,0.0066
"PFAS_vs_PHTHTE","PFAS","PHTHTE","LBXBFOA","URXECP",2015,1947,0.0377,0.0014
"PFAS_vs_PHTHTE","PFAS","PHTHTE","LBXBFOA","URXHIBP",2015,1947,0.0059,0
"PFAS_vs_PHTHTE","PFAS","PHTHTE","LBXBFOA","URXMBP",2015,1947,0.0158,2e-04
"PFAS_vs_PHTHTE","PFAS","PHTHTE","LBXBFOA","URXMC1",2015,1947,0.0328,0.0011
"PFAS_vs_PHTHTE","PFAS","PHTHTE","LBXBFOA","URXMCOH",2015,1947,-0.0604,0.0037
"PFAS_vs_PHTHTE","PFAS","PHTHTE","LBXBFOA","URXMEP",2015,1947,0.0757,0.0057
"PFAS_vs_PHTHTE","PFAS","PHTHTE","LBXBFOA","URXMHBP",2015,1947,-0.0154,2e-04
"PFAS_vs_PHTHTE","PFAS","PHTHTE","LBXBFOA","URXMHH",2015,1947,0.0097,1e-04
"PFAS_vs_PHTHTE","PFAS","PHTHTE","LBXBFOA","URXMHNC",2015,1947,-0.0624,0.0039
"PFAS_vs_PHTHTE","PFAS","PHTHTE","LBXBFOA","URXMHP",2015,1947,-0.0069,0
"PFAS_vs_PHTHTE","PFAS","PHTHTE","LBXBFOA","URXMIB",2015,1947,0.0134,2e-04
"PFAS_vs_PHTHTE","PFAS","PHTHTE","LBXBFOA","URXMNP",2015,1947,0.0485,0.0024
"PFAS_vs_PHTHTE","PFAS","PHTHTE","LBXBFOA","URXMOH",2015,1947,0.0149,2e-04
"PFAS_vs_PHTHTE","PFAS","PHTHTE","LBXBFOA","URXMZP",2015,1947,-0.067,0.0045
"PFAS_vs_PHTHTE","PFAS","PHTHTE","LBXMFOS","URXCNP",2015,1947,0.0487,0.0024
"PFAS_vs_PHTHTE","PFAS","PHTHTE","LBXMFOS","URXCOP",2015,1947,0.0303,9e-04
"PFAS_vs_PHTHTE","PFAS","PHTHTE","LBXMFOS","URXECP",2015,1947,0.0057,0
"PFAS_vs_PHTHTE","PFAS","PHTHTE","LBXMFOS","URXHIBP",2015,1947,-0.0712,0.0051
"PFAS_vs_PHTHTE","PFAS","PHTHTE","LBXMFOS","URXMBP",2015,1947,0.0064,0
"PFAS_vs_PHTHTE","PFAS","PHTHTE","LBXMFOS","URXMC1",2015,1947,0.0568,0.0032
"PFAS_vs_PHTHTE","PFAS","PHTHTE","LBXMFOS","URXMCOH",2015,1947,-0.0411,0.0017
"PFAS_vs_PHTHTE","PFAS","PHTHTE","LBXMFOS","URXMEP",2015,1947,0.0054,0
"PFAS_vs_PHTHTE","PFAS","PHTHTE","LBXMFOS","URXMHBP",2015,1947,-0.0361,0.0013
"PFAS_vs_PHTHTE","PFAS","PHTHTE","LBXMFOS","URXMHH",2015,1947,0.0243,6e-04
"PFAS_vs_PHTHTE","PFAS","PHTHTE","LBXMFOS","URXMHNC",2015,1947,-0.0624,0.0039
"PFAS_vs_PHTHTE","PFAS","PHTHTE","LBXMFOS","URXMHP",2015,1947,-0.0325,0.0011
"PFAS_vs_PHTHTE","PFAS","PHTHTE","LBXMFOS","URXMIB",2015,1947,-0.0435,0.0019
"PFAS_vs_PHTHTE","PFAS","PHTHTE","LBXMFOS","URXMNP",2015,1947,-0.0082,1e-04
"PFAS_vs_PHTHTE","PFAS","PHTHTE","LBXMFOS","URXMOH",2015,1947,0.0015,0
"PFAS_vs_PHTHTE","PFAS","PHTHTE","LBXMFOS","URXMZP",2015,1947,-0.0933,0.0087
"PFAS_vs_PHTHTE","PFAS","PHTHTE","LBXMPAH","URXCNP",2015,1947,0.0787,0.0062
"PFAS_vs_PHTHTE","PFAS","PHTHTE","LBXMPAH","URXCOP",2015,1947,0.0517,0.0027
"PFAS_vs_PHTHTE","PFAS","PHTHTE","LBXMPAH","URXECP",2015,1947,0.0712,0.0051
"PFAS_vs_PHTHTE","PFAS","PHTHTE","LBXMPAH","URXHIBP",2015,1947,0.0261,7e-04
"PFAS_vs_PHTHTE","PFAS","PHTHTE","LBXMPAH","URXMBP",2015,1947,0.0995,0.0099
"PFAS_vs_PHTHTE","PFAS","PHTHTE","LBXMPAH","URXMC1",2015,1947,0.1089,0.0119
"PFAS_vs_PHTHTE","PFAS","PHTHTE","LBXMPAH","URXMCOH",2015,1947,-0.008,1e-04
"PFAS_vs_PHTHTE","PFAS","PHTHTE","LBXMPAH","URXMEP",2015,1947,0.033,0.0011
"PFAS_vs_PHTHTE","PFAS","PHTHTE","LBXMPAH","URXMHBP",2015,1947,0.1042,0.0108
"PFAS_vs_PHTHTE","PFAS","PHTHTE","LBXMPAH","URXMHH",2015,1947,0.0599,0.0036
"PFAS_vs_PHTHTE","PFAS","PHTHTE","LBXMPAH","URXMHNC",2015,1947,-0.0089,1e-04
"PFAS_vs_PHTHTE","PFAS","PHTHTE","LBXMPAH","URXMHP",2015,1947,0.0214,5e-04
"PFAS_vs_PHTHTE","PFAS","PHTHTE","LBXMPAH","URXMIB",2015,1947,0.0209,4e-04
"PFAS_vs_PHTHTE","PFAS","PHTHTE","LBXMPAH","URXMNP",2015,1947,-0.0054,0
"PFAS_vs_PHTHTE","PFAS","PHTHTE","LBXMPAH","URXMOH",2015,1947,0.0661,0.0044
"PFAS_vs_PHTHTE","PFAS","PHTHTE","LBXMPAH","URXMZP",2015,1947,0.1013,0.0103
"PFAS_vs_PHTHTE","PFAS","PHTHTE","LBXNFOA","URXCNP",2015,1947,0.0468,0.0022
"PFAS_vs_PHTHTE","PFAS","PHTHTE","LBXNFOA","URXCOP",2015,1947,0.0248,6e-04
"PFAS_vs_PHTHTE","PFAS","PHTHTE","LBXNFOA","URXECP",2015,1947,-0.0119,1e-04
"PFAS_vs_PHTHTE","PFAS","PHTHTE","LBXNFOA","URXHIBP",2015,1947,-0.0372,0.0014
"PFAS_vs_PHTHTE","PFAS","PHTHTE","LBXNFOA","URXMBP",2015,1947,0.0379,0.0014
"PFAS_vs_PHTHTE","PFAS","PHTHTE","LBXNFOA","URXMC1",2015,1947,0.0352,0.0012
"PFAS_vs_PHTHTE","PFAS","PHTHTE","LBXNFOA","URXMCOH",2015,1947,-0.0326,0.0011
"PFAS_vs_PHTHTE","PFAS","PHTHTE","LBXNFOA","URXMEP",2015,1947,0.0331,0.0011
"PFAS_vs_PHTHTE","PFAS","PHTHTE","LBXNFOA","URXMHBP",2015,1947,-0.0158,2e-04
"PFAS_vs_PHTHTE","PFAS","PHTHTE","LBXNFOA","URXMHH",2015,1947,0.0078,1e-04
"PFAS_vs_PHTHTE","PFAS","PHTHTE","LBXNFOA","URXMHNC",2015,1947,-0.034,0.0012
"PFAS_vs_PHTHTE","PFAS","PHTHTE","LBXNFOA","URXMHP",2015,1947,-0.0739,0.0055
"PFAS_vs_PHTHTE","PFAS","PHTHTE","LBXNFOA","URXMIB",2015,1947,-0.0121,1e-04
"PFAS_vs_PHTHTE","PFAS","PHTHTE","LBXNFOA","URXMNP",2015,1947,-0.0252,6e-04
"PFAS_vs_PHTHTE","PFAS","PHTHTE","LBXNFOA","URXMOH",2015,1947,-0.0146,2e-04
"PFAS_vs_PHTHTE","PFAS","PHTHTE","LBXNFOA","URXMZP",2015,1947,-0.078,0.0061
"PFAS_vs_PHTHTE","PFAS","PHTHTE","LBXNFOS","URXCNP",2015,1947,-0.0045,0
"PFAS_vs_PHTHTE","PFAS","PHTHTE","LBXNFOS","URXCOP",2015,1947,-0.0137,2e-04
"PFAS_vs_PHTHTE","PFAS","PHTHTE","LBXNFOS","URXECP",2015,1947,-0.0269,7e-04
"PFAS_vs_PHTHTE","PFAS","PHTHTE","LBXNFOS","URXHIBP",2015,1947,-0.0708,0.005
"PFAS_vs_PHTHTE","PFAS","PHTHTE","LBXNFOS","URXMBP",2015,1947,0.0198,4e-04
"PFAS_vs_PHTHTE","PFAS","PHTHTE","LBXNFOS","URXMC1",2015,1947,0.0135,2e-04
"PFAS_vs_PHTHTE","PFAS","PHTHTE","LBXNFOS","URXMCOH",2015,1947,-0.0519,0.0027
"PFAS_vs_PHTHTE","PFAS","PHTHTE","LBXNFOS","URXMEP",2015,1947,0.0011,0
"PFAS_vs_PHTHTE","PFAS","PHTHTE","LBXNFOS","URXMHBP",2015,1947,-0.0153,2e-04
"PFAS_vs_PHTHTE","PFAS","PHTHTE","LBXNFOS","URXMHH",2015,1947,0.0117,1e-04
"PFAS_vs_PHTHTE","PFAS","PHTHTE","LBXNFOS","URXMHNC",2015,1947,-0.0602,0.0036
"PFAS_vs_PHTHTE","PFAS","PHTHTE","LBXNFOS","URXMHP",2015,1947,0.0088,1e-04
"PFAS_vs_PHTHTE","PFAS","PHTHTE","LBXNFOS","URXMIB",2015,1947,-0.0366,0.0013
"PFAS_vs_PHTHTE","PFAS","PHTHTE","LBXNFOS","URXMNP",2015,1947,-8e-04,0
"PFAS_vs_PHTHTE","PFAS","PHTHTE","LBXNFOS","URXMOH",2015,1947,-0.0167,3e-04
"PFAS_vs_PHTHTE","PFAS","PHTHTE","LBXNFOS","URXMZP",2015,1947,-0.0957,0.0092
"PFAS_vs_PHTHTE","PFAS","PHTHTE","LBXPFDE","URXCNP",2015,1947,-0.0886,0.0078
"PFAS_vs_PHTHTE","PFAS","PHTHTE","LBXPFDE","URXCOP",2015,1947,-0.0852,0.0073
"PFAS_vs_PHTHTE","PFAS","PHTHTE","LBXPFDE","URXECP",2015,1947,-0.0627,0.0039
"PFAS_vs_PHTHTE","PFAS","PHTHTE","LBXPFDE","URXHIBP",2015,1947,-0.0455,0.0021
"PFAS_vs_PHTHTE","PFAS","PHTHTE","LBXPFDE","URXMBP",2015,1947,-0.0091,1e-04
"PFAS_vs_PHTHTE","PFAS","PHTHTE","LBXPFDE","URXMC1",2015,1947,-0.0496,0.0025
"PFAS_vs_PHTHTE","PFAS","PHTHTE","LBXPFDE","URXMCOH",2015,1947,-0.0406,0.0016
"PFAS_vs_PHTHTE","PFAS","PHTHTE","LBXPFDE","URXMEP",2015,1947,-0.023,5e-04
"PFAS_vs_PHTHTE","PFAS","PHTHTE","LBXPFDE","URXMHBP",2015,1947,-0.0202,4e-04
"PFAS_vs_PHTHTE","PFAS","PHTHTE","LBXPFDE","URXMHH",2015,1947,-0.0243,6e-04
"PFAS_vs_PHTHTE","PFAS","PHTHTE","LBXPFDE","URXMHNC",2015,1947,-0.0331,0.0011
"PFAS_vs_PHTHTE","PFAS","PHTHTE","LBXPFDE","URXMHP",2015,1947,0.0064,0
"PFAS_vs_PHTHTE","PFAS","PHTHTE","LBXPFDE","URXMIB",2015,1947,-0.0391,0.0015
"PFAS_vs_PHTHTE","PFAS","PHTHTE","LBXPFDE","URXMNP",2015,1947,-0.0115,1e-04
"PFAS_vs_PHTHTE","PFAS","PHTHTE","LBXPFDE","URXMOH",2015,1947,-0.0526,0.0028
"PFAS_vs_PHTHTE","PFAS","PHTHTE","LBXPFDE","URXMZP",2015,1947,-0.1245,0.0155
"PFAS_vs_PHTHTE","PFAS","PHTHTE","LBXPFDO","URXCNP",2015,1947,0.0102,1e-04
"PFAS_vs_PHTHTE","PFAS","PHTHTE","LBXPFDO","URXCOP",2015,1947,-0.0123,2e-04
"PFAS_vs_PHTHTE","PFAS","PHTHTE","LBXPFDO","URXECP",2015,1947,-0.0314,0.001
"PFAS_vs_PHTHTE","PFAS","PHTHTE","LBXPFDO","URXHIBP",2015,1947,-4e-04,0
"PFAS_vs_PHTHTE","PFAS","PHTHTE","LBXPFDO","URXMBP",2015,1947,0.0157,2e-04
"PFAS_vs_PHTHTE","PFAS","PHTHTE","LBXPFDO","URXMC1",2015,1947,0.0012,0
"PFAS_vs_PHTHTE","PFAS","PHTHTE","LBXPFDO","URXMCOH",2015,1947,-0.0079,1e-04
"PFAS_vs_PHTHTE","PFAS","PHTHTE","LBXPFDO","URXMEP",2015,1947,0.0303,9e-04
"PFAS_vs_PHTHTE","PFAS","PHTHTE","LBXPFDO","URXMHBP",2015,1947,0.01,1e-04
"PFAS_vs_PHTHTE","PFAS","PHTHTE","LBXPFDO","URXMHH",2015,1947,-0.0228,5e-04
"PFAS_vs_PHTHTE","PFAS","PHTHTE","LBXPFDO","URXMHNC",2015,1947,-0.0218,5e-04
"PFAS_vs_PHTHTE","PFAS","PHTHTE","LBXPFDO","URXMHP",2015,1947,-0.0213,5e-04
"PFAS_vs_PHTHTE","PFAS","PHTHTE","LBXPFDO","URXMIB",2015,1947,-0.0043,0
"PFAS_vs_PHTHTE","PFAS","PHTHTE","LBXPFDO","URXMNP",2015,1947,-0.0062,0
"PFAS_vs_PHTHTE","PFAS","PHTHTE","LBXPFDO","URXMOH",2015,1947,-0.034,0.0012
"PFAS_vs_PHTHTE","PFAS","PHTHTE","LBXPFDO","URXMZP",2015,1947,-0.0395,0.0016
"PFAS_vs_PHTHTE","PFAS","PHTHTE","LBXPFHS","URXCNP",2015,1947,0.0553,0.0031
"PFAS_vs_PHTHTE","PFAS","PHTHTE","LBXPFHS","URXCOP",2015,1947,0.0342,0.0012
"PFAS_vs_PHTHTE","PFAS","PHTHTE","LBXPFHS","URXECP",2015,1947,-0.0097,1e-04
"PFAS_vs_PHTHTE","PFAS","PHTHTE","LBXPFHS","URXHIBP",2015,1947,-0.0821,0.0067
"PFAS_vs_PHTHTE","PFAS","PHTHTE","LBXPFHS","URXMBP",2015,1947,-1e-04,0
"PFAS_vs_PHTHTE","PFAS","PHTHTE","LBXPFHS","URXMC1",2015,1947,0.0405,0.0016
"PFAS_vs_PHTHTE","PFAS","PHTHTE","LBXPFHS","URXMCOH",2015,1947,-0.0336,0.0011
"PFAS_vs_PHTHTE","PFAS","PHTHTE","LBXPFHS","URXMEP",2015,1947,0.0095,1e-04
"PFAS_vs_PHTHTE","PFAS","PHTHTE","LBXPFHS","URXMHBP",2015,1947,-0.0732,0.0054
"PFAS_vs_PHTHTE","PFAS","PHTHTE","LBXPFHS","URXMHH",2015,1947,0.0095,1e-04
"PFAS_vs_PHTHTE","PFAS","PHTHTE","LBXPFHS","URXMHNC",2015,1947,-0.049,0.0024
"PFAS_vs_PHTHTE","PFAS","PHTHTE","LBXPFHS","URXMHP",2015,1947,-0.0333,0.0011
"PFAS_vs_PHTHTE","PFAS","PHTHTE","LBXPFHS","URXMIB",2015,1947,-0.0388,0.0015
"PFAS_vs_PHTHTE","PFAS","PHTHTE","LBXPFHS","URXMNP",2015,1947,0.0087,1e-04
"PFAS_vs_PHTHTE","PFAS","PHTHTE","LBXPFHS","URXMOH",2015,1947,-0.0101,1e-04
"PFAS_vs_PHTHTE","PFAS","PHTHTE","LBXPFHS","URXMZP",2015,1947,-0.0949,0.009
"PFAS_vs_PHTHTE","PFAS","PHTHTE","LBXPFNA","URXCNP",2015,1947,0.0328,0.0011
"PFAS_vs_PHTHTE","PFAS","PHTHTE","LBXPFNA","URXCOP",2015,1947,0.0484,0.0023
"PFAS_vs_PHTHTE","PFAS","PHTHTE","LBXPFNA","URXECP",2015,1947,0.0023,0
"PFAS_vs_PHTHTE","PFAS","PHTHTE","LBXPFNA","URXHIBP",2015,1947,-0.0241,6e-04
"PFAS_vs_PHTHTE","PFAS","PHTHTE","LBXPFNA","URXMBP",2015,1947,0.0296,9e-04
"PFAS_vs_PHTHTE","PFAS","PHTHTE","LBXPFNA","URXMC1",2015,1947,0.0479,0.0023
"PFAS_vs_PHTHTE","PFAS","PHTHTE","LBXPFNA","URXMCOH",2015,1947,-0.0479,0.0023
"PFAS_vs_PHTHTE","PFAS","PHTHTE","LBXPFNA","URXMEP",2015,1947,0.0207,4e-04
"PFAS_vs_PHTHTE","PFAS","PHTHTE","LBXPFNA","URXMHBP",2015,1947,-0.0056,0
"PFAS_vs_PHTHTE","PFAS","PHTHTE","LBXPFNA","URXMHH",2015,1947,0.0257,7e-04
"PFAS_vs_PHTHTE","PFAS","PHTHTE","LBXPFNA","URXMHNC",2015,1947,-0.0442,0.002
"PFAS_vs_PHTHTE","PFAS","PHTHTE","LBXPFNA","URXMHP",2015,1947,-0.006,0
"PFAS_vs_PHTHTE","PFAS","PHTHTE","LBXPFNA","URXMIB",2015,1947,-0.0036,0
"PFAS_vs_PHTHTE","PFAS","PHTHTE","LBXPFNA","URXMNP",2015,1947,0.035,0.0012
"PFAS_vs_PHTHTE","PFAS","PHTHTE","LBXPFNA","URXMOH",2015,1947,-0.0062,0
"PFAS_vs_PHTHTE","PFAS","PHTHTE","LBXPFNA","URXMZP",2015,1947,-0.0975,0.0095
"PFAS_vs_PHTHTE","PFAS","PHTHTE","LBXPFUA","URXCNP",2015,1947,-0.109,0.0119
"PFAS_vs_PHTHTE","PFAS","PHTHTE","LBXPFUA","URXCOP",2015,1947,-0.1295,0.0168
"PFAS_vs_PHTHTE","PFAS","PHTHTE","LBXPFUA","URXECP",2015,1947,-0.0968,0.0094
"PFAS_vs_PHTHTE","PFAS","PHTHTE","LBXPFUA","URXHIBP",2015,1947,-0.0724,0.0052
"PFAS_vs_PHTHTE","PFAS","PHTHTE","LBXPFUA","URXMBP",2015,1947,-0.0163,3e-04
"PFAS_vs_PHTHTE","PFAS","PHTHTE","LBXPFUA","URXMC1",2015,1947,-0.0986,0.0097
"PFAS_vs_PHTHTE","PFAS","PHTHTE","LBXPFUA","URXMCOH",2015,1947,-0.056,0.0031
"PFAS_vs_PHTHTE","PFAS","PHTHTE","LBXPFUA","URXMEP",2015,1947,-0.037,0.0014
"PFAS_vs_PHTHTE","PFAS","PHTHTE","LBXPFUA","URXMHBP",2015,1947,-0.0289,8e-04
"PFAS_vs_PHTHTE","PFAS","PHTHTE","LBXPFUA","URXMHH",2015,1947,-0.0499,0.0025
"PFAS_vs_PHTHTE","PFAS","PHTHTE","LBXPFUA","URXMHNC",2015,1947,-0.0359,0.0013
"PFAS_vs_PHTHTE","PFAS","PHTHTE","LBXPFUA","URXMHP",2015,1947,0.0207,4e-04
"PFAS_vs_PHTHTE","PFAS","PHTHTE","LBXPFUA","URXMIB",2015,1947,-0.0652,0.0042
"PFAS_vs_PHTHTE","PFAS","PHTHTE","LBXPFUA","URXMNP",2015,1947,-0.0136,2e-04
"PFAS_vs_PHTHTE","PFAS","PHTHTE","LBXPFUA","URXMOH",2015,1947,-0.0826,0.0068
"PFAS_vs_PHTHTE","PFAS","PHTHTE","LBXPFUA","URXMZP",2015,1947,-0.1406,0.0198
"PFAS_vs_PHTHTE","PFAS","PHTHTE","LBXBFOA","URXCNP",2017,1886,-0.0261,7e-04
"PFAS_vs_PHTHTE","PFAS","PHTHTE","LBXBFOA","URXCOP",2017,1886,-0.0232,5e-04
"PFAS_vs_PHTHTE","PFAS","PHTHTE","LBXBFOA","URXECP",2017,1886,-0.0235,6e-04
"PFAS_vs_PHTHTE","PFAS","PHTHTE","LBXBFOA","URXECPT",2017,1886,0.0175,3e-04
"PFAS_vs_PHTHTE","PFAS","PHTHTE","LBXBFOA","URXHIBP",2017,1886,-0.034,0.0012
"PFAS_vs_PHTHTE","PFAS","PHTHTE","LBXBFOA","URXMBP",2017,1886,-0.0273,7e-04
"PFAS_vs_PHTHTE","PFAS","PHTHTE","LBXBFOA","URXMC1",2017,1886,-0.049,0.0024
"PFAS_vs_PHTHTE","PFAS","PHTHTE","LBXBFOA","URXMCOH",2017,1886,0.0171,3e-04
"PFAS_vs_PHTHTE","PFAS","PHTHTE","LBXBFOA","URXMEP",2017,1886,-0.0325,0.0011
"PFAS_vs_PHTHTE","PFAS","PHTHTE","LBXBFOA","URXMHBP",2017,1886,-0.0215,5e-04
"PFAS_vs_PHTHTE","PFAS","PHTHTE","LBXBFOA","URXMHH",2017,1886,-0.0157,2e-04
"PFAS_vs_PHTHTE","PFAS","PHTHTE","LBXBFOA","URXMHHT",2017,1886,-0.0065,0
"PFAS_vs_PHTHTE","PFAS","PHTHTE","LBXBFOA","URXMHNC",2017,1886,0.0102,1e-04
"PFAS_vs_PHTHTE","PFAS","PHTHTE","LBXBFOA","URXMHP",2017,1886,-0.0327,0.0011
"PFAS_vs_PHTHTE","PFAS","PHTHTE","LBXBFOA","URXMIB",2017,1886,-0.0321,0.001
"PFAS_vs_PHTHTE","PFAS","PHTHTE","LBXBFOA","URXMNP",2017,1886,-0.0389,0.0015
"PFAS_vs_PHTHTE","PFAS","PHTHTE","LBXBFOA","URXMOH",2017,1886,-0.0215,5e-04
"PFAS_vs_PHTHTE","PFAS","PHTHTE","LBXBFOA","URXMONP",2017,1886,-0.0542,0.0029
"PFAS_vs_PHTHTE","PFAS","PHTHTE","LBXBFOA","URXMZP",2017,1886,-0.0245,6e-04
"PFAS_vs_PHTHTE","PFAS","PHTHTE","LBXMFOS","URXCNP",2017,1886,-0.0151,2e-04
"PFAS_vs_PHTHTE","PFAS","PHTHTE","LBXMFOS","URXCOP",2017,1886,-0.022,5e-04
"PFAS_vs_PHTHTE","PFAS","PHTHTE","LBXMFOS","URXECP",2017,1886,-0.0217,5e-04
"PFAS_vs_PHTHTE","PFAS","PHTHTE","LBXMFOS","URXECPT",2017,1886,-0.0899,0.0081
"PFAS_vs_PHTHTE","PFAS","PHTHTE","LBXMFOS","URXHIBP",2017,1886,-0.1001,0.01
"PFAS_vs_PHTHTE","PFAS","PHTHTE","LBXMFOS","URXMBP",2017,1886,-0.0638,0.0041
"PFAS_vs_PHTHTE","PFAS","PHTHTE","LBXMFOS","URXMC1",2017,1886,-0.0043,0
"PFAS_vs_PHTHTE","PFAS","PHTHTE","LBXMFOS","URXMCOH",2017,1886,-0.0246,6e-04
"PFAS_vs_PHTHTE","PFAS","PHTHTE","LBXMFOS","URXMEP",2017,1886,-0.0762,0.0058
"PFAS_vs_PHTHTE","PFAS","PHTHTE","LBXMFOS","URXMHBP",2017,1886,-0.0906,0.0082
"PFAS_vs_PHTHTE","PFAS","PHTHTE","LBXMFOS","URXMHH",2017,1886,-0.0175,3e-04
"PFAS_vs_PHTHTE","PFAS","PHTHTE","LBXMFOS","URXMHHT",2017,1886,-0.0572,0.0033
"PFAS_vs_PHTHTE","PFAS","PHTHTE","LBXMFOS","URXMHNC",2017,1886,-0.0694,0.0048
"PFAS_vs_PHTHTE","PFAS","PHTHTE","LBXMFOS","URXMHP",2017,1886,-0.0989,0.0098
"PFAS_vs_PHTHTE","PFAS","PHTHTE","LBXMFOS","URXMIB",2017,1886,-0.0882,0.0078
"PFAS_vs_PHTHTE","PFAS","PHTHTE","LBXMFOS","URXMNP",2017,1886,-0.0482,0.0023
"PFAS_vs_PHTHTE","PFAS","PHTHTE","LBXMFOS","URXMOH",2017,1886,-0.0282,8e-04
"PFAS_vs_PHTHTE","PFAS","PHTHTE","LBXMFOS","URXMONP",2017,1886,-0.0365,0.0013
"PFAS_vs_PHTHTE","PFAS","PHTHTE","LBXMFOS","URXMZP",2017,1886,-0.0641,0.0041
"PFAS_vs_PHTHTE","PFAS","PHTHTE","LBXMPAH","URXCNP",2017,1886,0.0039,0
"PFAS_vs_PHTHTE","PFAS","PHTHTE","LBXMPAH","URXCOP",2017,1886,0.018,3e-04
"PFAS_vs_PHTHTE","PFAS","PHTHTE","LBXMPAH","URXECP",2017,1886,0.015,2e-04
"PFAS_vs_PHTHTE","PFAS","PHTHTE","LBXMPAH","URXECPT",2017,1886,-0.0767,0.0059
"PFAS_vs_PHTHTE","PFAS","PHTHTE","LBXMPAH","URXHIBP",2017,1886,0.0137,2e-04
"PFAS_vs_PHTHTE","PFAS","PHTHTE","LBXMPAH","URXMBP",2017,1886,0.0397,0.0016
"PFAS_vs_PHTHTE","PFAS","PHTHTE","LBXMPAH","URXMC1",2017,1886,0.0708,0.005
"PFAS_vs_PHTHTE","PFAS","PHTHTE","LBXMPAH","URXMCOH",2017,1886,-0.0168,3e-04
"PFAS_vs_PHTHTE","PFAS","PHTHTE","LBXMPAH","URXMEP",2017,1886,-0.0394,0.0016
"PFAS_vs_PHTHTE","PFAS","PHTHTE","LBXMPAH","URXMHBP",2017,1886,0.0459,0.0021
"PFAS_vs_PHTHTE","PFAS","PHTHTE","LBXMPAH","URXMHH",2017,1886,0.0177,3e-04
"PFAS_vs_PHTHTE","PFAS","PHTHTE","LBXMPAH","URXMHHT",2017,1886,-0.0496,0.0025
"PFAS_vs_PHTHTE","PFAS","PHTHTE","LBXMPAH","URXMHNC",2017,1886,-0.0499,0.0025
"PFAS_vs_PHTHTE","PFAS","PHTHTE","LBXMPAH","URXMHP",2017,1886,-0.0401,0.0016
"PFAS_vs_PHTHTE","PFAS","PHTHTE","LBXMPAH","URXMIB",2017,1886,5e-04,0
"PFAS_vs_PHTHTE","PFAS","PHTHTE","LBXMPAH","URXMNP",2017,1886,-0.0176,3e-04
"PFAS_vs_PHTHTE","PFAS","PHTHTE","LBXMPAH","URXMOH",2017,1886,0.025,6e-04
"PFAS_vs_PHTHTE","PFAS","PHTHTE","LBXMPAH","URXMONP",2017,1886,0.0371,0.0014
"PFAS_vs_PHTHTE","PFAS","PHTHTE","LBXMPAH","URXMZP",2017,1886,0.0883,0.0078
"PFAS_vs_PHTHTE","PFAS","PHTHTE","LBXNFOA","URXCNP",2017,1886,-0.0659,0.0043
"PFAS_vs_PHTHTE","PFAS","PHTHTE","LBXNFOA","URXCOP",2017,1886,-0.0483,0.0023
"PFAS_vs_PHTHTE","PFAS","PHTHTE","LBXNFOA","URXECP",2017,1886,-0.0642,0.0041
"PFAS_vs_PHTHTE","PFAS","PHTHTE","LBXNFOA","URXECPT",2017,1886,-0.0389,0.0015
"PFAS_vs_PHTHTE","PFAS","PHTHTE","LBXNFOA","URXHIBP",2017,1886,-0.1238,0.0153
"PFAS_vs_PHTHTE","PFAS","PHTHTE","LBXNFOA","URXMBP",2017,1886,-0.0666,0.0044
"PFAS_vs_PHTHTE","PFAS","PHTHTE","LBXNFOA","URXMC1",2017,1886,-0.0596,0.0035
"PFAS_vs_PHTHTE","PFAS","PHTHTE","LBXNFOA","URXMCOH",2017,1886,-0.0448,0.002
"PFAS_vs_PHTHTE","PFAS","PHTHTE","LBXNFOA","URXMEP",2017,1886,-0.1159,0.0134
"PFAS_vs_PHTHTE","PFAS","PHTHTE","LBXNFOA","URXMHBP",2017,1886,-0.0968,0.0094
"PFAS_vs_PHTHTE","PFAS","PHTHTE","LBXNFOA","URXMHH",2017,1886,-0.058,0.0034
"PFAS_vs_PHTHTE","PFAS","PHTHTE","LBXNFOA","URXMHHT",2017,1886,-0.024,6e-04
"PFAS_vs_PHTHTE","PFAS","PHTHTE","LBXNFOA","URXMHNC",2017,1886,-0.0687,0.0047
"PFAS_vs_PHTHTE","PFAS","PHTHTE","LBXNFOA","URXMHP",2017,1886,-0.1249,0.0156
"PFAS_vs_PHTHTE","PFAS","PHTHTE","LBXNFOA","URXMIB",2017,1886,-0.0998,0.01
"PFAS_vs_PHTHTE","PFAS","PHTHTE","LBXNFOA","URXMNP",2017,1886,-0.0317,0.001
"PFAS_vs_PHTHTE","PFAS","PHTHTE","LBXNFOA","URXMOH",2017,1886,-0.0734,0.0054
"PFAS_vs_PHTHTE","PFAS","PHTHTE","LBXNFOA","URXMONP",2017,1886,-0.0577,0.0033
"PFAS_vs_PHTHTE","PFAS","PHTHTE","LBXNFOA","URXMZP",2017,1886,-0.1243,0.0154
"PFAS_vs_PHTHTE","PFAS","PHTHTE","LBXNFOS","URXCNP",2017,1886,-0.0281,8e-04
"PFAS_vs_PHTHTE","PFAS","PHTHTE","LBXNFOS","URXCOP",2017,1886,-0.0368,0.0014
"PFAS_vs_PHTHTE","PFAS","PHTHTE","LBXNFOS","URXECP",2017,1886,-0.0357,0.0013
"PFAS_vs_PHTHTE","PFAS","PHTHTE","LBXNFOS","URXECPT",2017,1886,-0.0593,0.0035
"PFAS_vs_PHTHTE","PFAS","PHTHTE","LBXNFOS","URXHIBP",2017,1886,-0.0808,0.0065
"PFAS_vs_PHTHTE","PFAS","PHTHTE","LBXNFOS","URXMBP",2017,1886,-0.0424,0.0018
"PFAS_vs_PHTHTE","PFAS","PHTHTE","LBXNFOS","URXMC1",2017,1886,-0.004,0
"PFAS_vs_PHTHTE","PFAS","PHTHTE","LBXNFOS","URXMCOH",2017,1886,-0.0382,0.0015
"PFAS_vs_PHTHTE","PFAS","PHTHTE","LBXNFOS","URXMEP",2017,1886,-0.0691,0.0048
"PFAS_vs_PHTHTE","PFAS","PHTHTE","LBXNFOS","URXMHBP",2017,1886,-0.0824,0.0068
"PFAS_vs_PHTHTE","PFAS","PHTHTE","LBXNFOS","URXMHH",2017,1886,-0.0168,3e-04
"PFAS_vs_PHTHTE","PFAS","PHTHTE","LBXNFOS","URXMHHT",2017,1886,-0.0468,0.0022
"PFAS_vs_PHTHTE","PFAS","PHTHTE","LBXNFOS","URXMHNC",2017,1886,-0.0619,0.0038
"PFAS_vs_PHTHTE","PFAS","PHTHTE","LBXNFOS","URXMHP",2017,1886,-0.0298,9e-04
"PFAS_vs_PHTHTE","PFAS","PHTHTE","LBXNFOS","URXMIB",2017,1886,-0.0615,0.0038
"PFAS_vs_PHTHTE","PFAS","PHTHTE","LBXNFOS","URXMNP",2017,1886,-0.0376,0.0014
"PFAS_vs_PHTHTE","PFAS","PHTHTE","LBXNFOS","URXMOH",2017,1886,-0.0358,0.0013
"PFAS_vs_PHTHTE","PFAS","PHTHTE","LBXNFOS","URXMONP",2017,1886,-0.0479,0.0023
"PFAS_vs_PHTHTE","PFAS","PHTHTE","LBXNFOS","URXMZP",2017,1886,-0.1002,0.01
"PFAS_vs_PHTHTE","PFAS","PHTHTE","LBXPFDE","URXCNP",2017,1886,-0.1082,0.0117
"PFAS_vs_PHTHTE","PFAS","PHTHTE","LBXPFDE","URXCOP",2017,1886,-0.0872,0.0076
"PFAS_vs_PHTHTE","PFAS","PHTHTE","LBXPFDE","URXECP",2017,1886,-0.0779,0.0061
"PFAS_vs_PHTHTE","PFAS","PHTHTE","LBXPFDE","URXECPT",2017,1886,-0.0754,0.0057
"PFAS_vs_PHTHTE","PFAS","PHTHTE","LBXPFDE","URXHIBP",2017,1886,-0.1028,0.0106
"PFAS_vs_PHTHTE","PFAS","PHTHTE","LBXPFDE","URXMBP",2017,1886,-0.085,0.0072
"PFAS_vs_PHTHTE","PFAS","PHTHTE","LBXPFDE","URXMC1",2017,1886,-0.0655,0.0043
"PFAS_vs_PHTHTE","PFAS","PHTHTE","LBXPFDE","URXMCOH",2017,1886,-0.1023,0.0105
"PFAS_vs_PHTHTE","PFAS","PHTHTE","LBXPFDE","URXMEP",2017,1886,-0.0973,0.0095
"PFAS_vs_PHTHTE","PFAS","PHTHTE","LBXPFDE","URXMHBP",2017,1886,-0.0998,0.01
"PFAS_vs_PHTHTE","PFAS","PHTHTE","LBXPFDE","URXMHH",2017,1886,-0.0672,0.0045
"PFAS_vs_PHTHTE","PFAS","PHTHTE","LBXPFDE","URXMHHT",2017,1886,-0.0867,0.0075
"PFAS_vs_PHTHTE","PFAS","PHTHTE","LBXPFDE","URXMHNC",2017,1886,-0.1013,0.0103
"PFAS_vs_PHTHTE","PFAS","PHTHTE","LBXPFDE","URXMHP",2017,1886,-0.0217,5e-04
"PFAS_vs_PHTHTE","PFAS","PHTHTE","LBXPFDE","URXMIB",2017,1886,-0.0943,0.0089
"PFAS_vs_PHTHTE","PFAS","PHTHTE","LBXPFDE","URXMNP",2017,1886,-0.0299,9e-04
"PFAS_vs_PHTHTE","PFAS","PHTHTE","LBXPFDE","URXMOH",2017,1886,-0.0762,0.0058
"PFAS_vs_PHTHTE","PFAS","PHTHTE","LBXPFDE","URXMONP",2017,1886,-0.0836,0.007
"PFAS_vs_PHTHTE","PFAS","PHTHTE","LBXPFDE","URXMZP",2017,1886,-0.1941,0.0377
"PFAS_vs_PHTHTE","PFAS","PHTHTE","LBXPFHS","URXCNP",2017,1886,-0.0114,1e-04
"PFAS_vs_PHTHTE","PFAS","PHTHTE","LBXPFHS","URXCOP",2017,1886,-0.0353,0.0012
"PFAS_vs_PHTHTE","PFAS","PHTHTE","LBXPFHS","URXECP",2017,1886,-0.0363,0.0013
"PFAS_vs_PHTHTE","PFAS","PHTHTE","LBXPFHS","URXECPT",2017,1886,-0.0453,0.0021
"PFAS_vs_PHTHTE","PFAS","PHTHTE","LBXPFHS","URXHIBP",2017,1886,-0.1008,0.0102
"PFAS_vs_PHTHTE","PFAS","PHTHTE","LBXPFHS","URXMBP",2017,1886,-0.0713,0.0051
"PFAS_vs_PHTHTE","PFAS","PHTHTE","LBXPFHS","URXMC1",2017,1886,-0.0196,4e-04
"PFAS_vs_PHTHTE","PFAS","PHTHTE","LBXPFHS","URXMCOH",2017,1886,-0.0177,3e-04
"PFAS_vs_PHTHTE","PFAS","PHTHTE","LBXPFHS","URXMEP",2017,1886,-0.0926,0.0086
"PFAS_vs_PHTHTE","PFAS","PHTHTE","LBXPFHS","URXMHBP",2017,1886,-0.0822,0.0068
"PFAS_vs_PHTHTE","PFAS","PHTHTE","LBXPFHS","URXMHH",2017,1886,-0.0204,4e-04
"PFAS_vs_PHTHTE","PFAS","PHTHTE","LBXPFHS","URXMHHT",2017,1886,-0.0377,0.0014
"PFAS_vs_PHTHTE","PFAS","PHTHTE","LBXPFHS","URXMHNC",2017,1886,-0.0398,0.0016
"PFAS_vs_PHTHTE","PFAS","PHTHTE","LBXPFHS","URXMHP",2017,1886,-0.0589,0.0035
"PFAS_vs_PHTHTE","PFAS","PHTHTE","LBXPFHS","URXMIB",2017,1886,-0.0864,0.0075
"PFAS_vs_PHTHTE","PFAS","PHTHTE","LBXPFHS","URXMNP",2017,1886,-0.0212,4e-04
"PFAS_vs_PHTHTE","PFAS","PHTHTE","LBXPFHS","URXMOH",2017,1886,-0.0387,0.0015
"PFAS_vs_PHTHTE","PFAS","PHTHTE","LBXPFHS","URXMONP",2017,1886,-0.0384,0.0015
"PFAS_vs_PHTHTE","PFAS","PHTHTE","LBXPFHS","URXMZP",2017,1886,-0.0606,0.0037
"PFAS_vs_PHTHTE","PFAS","PHTHTE","LBXPFNA","URXCNP",2017,1886,-0.075,0.0056
"PFAS_vs_PHTHTE","PFAS","PHTHTE","LBXPFNA","URXCOP",2017,1886,-0.0459,0.0021
"PFAS_vs_PHTHTE","PFAS","PHTHTE","LBXPFNA","URXECP",2017,1886,-0.0458,0.0021
"PFAS_vs_PHTHTE","PFAS","PHTHTE","LBXPFNA","URXECPT",2017,1886,-0.0608,0.0037
"PFAS_vs_PHTHTE","PFAS","PHTHTE","LBXPFNA","URXHIBP",2017,1886,-0.1102,0.0122
"PFAS_vs_PHTHTE","PFAS","PHTHTE","LBXPFNA","URXMBP",2017,1886,-0.0762,0.0058
"PFAS_vs_PHTHTE","PFAS","PHTHTE","LBXPFNA","URXMC1",2017,1886,-0.0561,0.0031
"PFAS_vs_PHTHTE","PFAS","PHTHTE","LBXPFNA","URXMCOH",2017,1886,-0.0503,0.0025
"PFAS_vs_PHTHTE","PFAS","PHTHTE","LBXPFNA","URXMEP",2017,1886,-0.0901,0.0081
"PFAS_vs_PHTHTE","PFAS","PHTHTE","LBXPFNA","URXMHBP",2017,1886,-0.1121,0.0126
"PFAS_vs_PHTHTE","PFAS","PHTHTE","LBXPFNA","URXMHH",2017,1886,-0.0358,0.0013
"PFAS_vs_PHTHTE","PFAS","PHTHTE","LBXPFNA","URXMHHT",2017,1886,-0.0388,0.0015
"PFAS_vs_PHTHTE","PFAS","PHTHTE","LBXPFNA","URXMHNC",2017,1886,-0.074,0.0055
"PFAS_vs_PHTHTE","PFAS","PHTHTE","LBXPFNA","URXMHP",2017,1886,-0.0659,0.0043
"PFAS_vs_PHTHTE","PFAS","PHTHTE","LBXPFNA","URXMIB",2017,1886,-0.0883,0.0078
"PFAS_vs_PHTHTE","PFAS","PHTHTE","LBXPFNA","URXMNP",2017,1886,-0.0305,9e-04
"PFAS_vs_PHTHTE","PFAS","PHTHTE","LBXPFNA","URXMOH",2017,1886,-0.0493,0.0024
"PFAS_vs_PHTHTE","PFAS","PHTHTE","LBXPFNA","URXMONP",2017,1886,-0.0566,0.0032
"PFAS_vs_PHTHTE","PFAS","PHTHTE","LBXPFNA","URXMZP",2017,1886,-0.1318,0.0174
"PFAS_vs_PHTHTE","PFAS","PHTHTE","LBXPFUA","URXCNP",2017,1886,-0.1554,0.0242
"PFAS_vs_PHTHTE","PFAS","PHTHTE","LBXPFUA","URXCOP",2017,1886,-0.1273,0.0162
"PFAS_vs_PHTHTE","PFAS","PHTHTE","LBXPFUA","URXECP",2017,1886,-0.0942,0.0089
"PFAS_vs_PHTHTE","PFAS","PHTHTE","LBXPFUA","URXECPT",2017,1886,-0.0725,0.0053
"PFAS_vs_PHTHTE","PFAS","PHTHTE","LBXPFUA","URXHIBP",2017,1886,-0.1329,0.0177
"PFAS_vs_PHTHTE","PFAS","PHTHTE","LBXPFUA","URXMBP",2017,1886,-0.0929,0.0086
"PFAS_vs_PHTHTE","PFAS","PHTHTE","LBXPFUA","URXMC1",2017,1886,-0.0834,0.007
"PFAS_vs_PHTHTE","PFAS","PHTHTE","LBXPFUA","URXMCOH",2017,1886,-0.0979,0.0096
"PFAS_vs_PHTHTE","PFAS","PHTHTE","LBXPFUA","URXMEP",2017,1886,-0.1189,0.0141
"PFAS_vs_PHTHTE","PFAS","PHTHTE","LBXPFUA","URXMHBP",2017,1886,-0.115,0.0132
"PFAS_vs_PHTHTE","PFAS","PHTHTE","LBXPFUA","URXMHH",2017,1886,-0.0718,0.0052
"PFAS_vs_PHTHTE","PFAS","PHTHTE","LBXPFUA","URXMHHT",2017,1886,-0.0859,0.0074
"PFAS_vs_PHTHTE","PFAS","PHTHTE","LBXPFUA","URXMHNC",2017,1886,-0.0995,0.0099
"PFAS_vs_PHTHTE","PFAS","PHTHTE","LBXPFUA","URXMHP",2017,1886,-0.0214,5e-04
"PFAS_vs_PHTHTE","PFAS","PHTHTE","LBXPFUA","URXMIB",2017,1886,-0.1155,0.0133
"PFAS_vs_PHTHTE","PFAS","PHTHTE","LBXPFUA","URXMNP",2017,1886,-0.0544,0.003
"PFAS_vs_PHTHTE","PFAS","PHTHTE","LBXPFUA","URXMOH",2017,1886,-0.0898,0.0081
"PFAS_vs_PHTHTE","PFAS","PHTHTE","LBXPFUA","URXMONP",2017,1886,-0.1169,0.0137
"PFAS_vs_PHTHTE","PFAS","PHTHTE","LBXPFUA","URXMZP",2017,1886,-0.2311,0.0534
"PFAS_vs_UPHOPM","PFAS","UPHOPM","LBXBFOA","URX24D",2015,1963,-0.0342,0.0012
"PFAS_vs_UPHOPM","PFAS","UPHOPM","LBXBFOA","URX4FP",2015,1964,0.0072,1e-04
"PFAS_vs_UPHOPM","PFAS","UPHOPM","LBXBFOA","URXCPM",2015,1962,-0.0324,0.001
"PFAS_vs_UPHOPM","PFAS","UPHOPM","LBXBFOA","URXMAL",2015,1956,-0.0224,5e-04
"PFAS_vs_UPHOPM","PFAS","UPHOPM","LBXBFOA","URXOPM",2015,1955,-0.0205,4e-04
"PFAS_vs_UPHOPM","PFAS","UPHOPM","LBXBFOA","URXOXY",2015,1965,0.0665,0.0044
"PFAS_vs_UPHOPM","PFAS","UPHOPM","LBXBFOA","URXPAR",2015,1965,-0.0539,0.0029
"PFAS_vs_UPHOPM","PFAS","UPHOPM","LBXBFOA","URXTCC",2015,1952,-0.0155,2e-04
"PFAS_vs_UPHOPM","PFAS","UPHOPM","LBXMFOS","URX24D",2015,1963,0.0635,0.004
"PFAS_vs_UPHOPM","PFAS","UPHOPM","LBXMFOS","URX4FP",2015,1964,0.034,0.0012
"PFAS_vs_UPHOPM","PFAS","UPHOPM","LBXMFOS","URXCPM",2015,1962,0.0247,6e-04
"PFAS_vs_UPHOPM","PFAS","UPHOPM","LBXMFOS","URXMAL",2015,1956,-3e-04,0
"PFAS_vs_UPHOPM","PFAS","UPHOPM","LBXMFOS","URXOPM",2015,1955,0.038,0.0014
"PFAS_vs_UPHOPM","PFAS","UPHOPM","LBXMFOS","URXOXY",2015,1965,0.0253,6e-04
"PFAS_vs_UPHOPM","PFAS","UPHOPM","LBXMFOS","URXPAR",2015,1965,0.0147,2e-04
"PFAS_vs_UPHOPM","PFAS","UPHOPM","LBXMFOS","URXTCC",2015,1952,0.0241,6e-04
"PFAS_vs_UPHOPM","PFAS","UPHOPM","LBXMPAH","URX24D",2015,1963,0.0534,0.0028
"PFAS_vs_UPHOPM","PFAS","UPHOPM","LBXMPAH","URX4FP",2015,1964,0.0132,2e-04
"PFAS_vs_UPHOPM","PFAS","UPHOPM","LBXMPAH","URXCPM",2015,1962,0.0942,0.0089
"PFAS_vs_UPHOPM","PFAS","UPHOPM","LBXMPAH","URXMAL",2015,1956,0,0
"PFAS_vs_UPHOPM","PFAS","UPHOPM","LBXMPAH","URXOPM",2015,1955,0.0791,0.0063
"PFAS_vs_UPHOPM","PFAS","UPHOPM","LBXMPAH","URXOXY",2015,1965,0.039,0.0015
"PFAS_vs_UPHOPM","PFAS","UPHOPM","LBXMPAH","URXPAR",2015,1965,0.0529,0.0028
"PFAS_vs_UPHOPM","PFAS","UPHOPM","LBXMPAH","URXTCC",2015,1952,0.0288,8e-04
"PFAS_vs_UPHOPM","PFAS","UPHOPM","LBXNFOA","URX24D",2015,1963,0.0453,0.0021
"PFAS_vs_UPHOPM","PFAS","UPHOPM","LBXNFOA","URX4FP",2015,1964,0.0297,9e-04
"PFAS_vs_UPHOPM","PFAS","UPHOPM","LBXNFOA","URXCPM",2015,1962,0.0434,0.0019
"PFAS_vs_UPHOPM","PFAS","UPHOPM","LBXNFOA","URXMAL",2015,1956,0.0156,2e-04
"PFAS_vs_UPHOPM","PFAS","UPHOPM","LBXNFOA","URXOPM",2015,1955,0.0337,0.0011
"PFAS_vs_UPHOPM","PFAS","UPHOPM","LBXNFOA","URXOXY",2015,1965,5e-04,0
"PFAS_vs_UPHOPM","PFAS","UPHOPM","LBXNFOA","URXPAR",2015,1965,0.0183,3e-04
"PFAS_vs_UPHOPM","PFAS","UPHOPM","LBXNFOA","URXTCC",2015,1952,0.0149,2e-04
"PFAS_vs_UPHOPM","PFAS","UPHOPM","LBXNFOS","URX24D",2015,1963,-0.0077,1e-04
"PFAS_vs_UPHOPM","PFAS","UPHOPM","LBXNFOS","URX4FP",2015,1964,0.0609,0.0037
"PFAS_vs_UPHOPM","PFAS","UPHOPM","LBXNFOS","URXCPM",2015,1962,-0.0028,0
"PFAS_vs_UPHOPM","PFAS","UPHOPM","LBXNFOS","URXMAL",2015,1956,-0.0144,2e-04
"PFAS_vs_UPHOPM","PFAS","UPHOPM","LBXNFOS","URXOPM",2015,1955,0.0716,0.0051
"PFAS_vs_UPHOPM","PFAS","UPHOPM","LBXNFOS","URXOXY",2015,1965,0.0666,0.0044
"PFAS_vs_UPHOPM","PFAS","UPHOPM","LBXNFOS","URXPAR",2015,1965,-9e-04,0
"PFAS_vs_UPHOPM","PFAS","UPHOPM","LBXNFOS","URXTCC",2015,1952,0.0631,0.004
"PFAS_vs_UPHOPM","PFAS","UPHOPM","LBXPFDE","URX24D",2015,1963,-0.035,0.0012
"PFAS_vs_UPHOPM","PFAS","UPHOPM","LBXPFDE","URX4FP",2015,1964,0.0336,0.0011
"PFAS_vs_UPHOPM","PFAS","UPHOPM","LBXPFDE","URXCPM",2015,1962,0.0041,0
"PFAS_vs_UPHOPM","PFAS","UPHOPM","LBXPFDE","URXMAL",2015,1956,0.0213,5e-04
"PFAS_vs_UPHOPM","PFAS","UPHOPM","LBXPFDE","URXOPM",2015,1955,0.0299,9e-04
"PFAS_vs_UPHOPM","PFAS","UPHOPM","LBXPFDE","URXOXY",2015,1965,0.0214,5e-04
"PFAS_vs_UPHOPM","PFAS","UPHOPM","LBXPFDE","URXPAR",2015,1965,-0.0167,3e-04
"PFAS_vs_UPHOPM","PFAS","UPHOPM","LBXPFDE","URXTCC",2015,1952,0.043,0.0018
"PFAS_vs_UPHOPM","PFAS","UPHOPM","LBXPFDO","URX24D",2015,1963,0,0
"PFAS_vs_UPHOPM","PFAS","UPHOPM","LBXPFDO","URX4FP",2015,1964,0.0087,1e-04
"PFAS_vs_UPHOPM","PFAS","UPHOPM","LBXPFDO","URXCPM",2015,1962,0.0084,1e-04
"PFAS_vs_UPHOPM","PFAS","UPHOPM","LBXPFDO","URXMAL",2015,1956,-0.017,3e-04
"PFAS_vs_UPHOPM","PFAS","UPHOPM","LBXPFDO","URXOPM",2015,1955,0.0023,0
"PFAS_vs_UPHOPM","PFAS","UPHOPM","LBXPFDO","URXOXY",2015,1965,0.031,0.001
"PFAS_vs_UPHOPM","PFAS","UPHOPM","LBXPFDO","URXPAR",2015,1965,0.0267,7e-04
"PFAS_vs_UPHOPM","PFAS","UPHOPM","LBXPFDO","URXTCC",2015,1952,-0.0018,0
"PFAS_vs_UPHOPM","PFAS","UPHOPM","LBXPFHS","URX24D",2015,1963,0.0495,0.0025
"PFAS_vs_UPHOPM","PFAS","UPHOPM","LBXPFHS","URX4FP",2015,1964,8e-04,0
"PFAS_vs_UPHOPM","PFAS","UPHOPM","LBXPFHS","URXCPM",2015,1962,0.0229,5e-04
"PFAS_vs_UPHOPM","PFAS","UPHOPM","LBXPFHS","URXMAL",2015,1956,0.0205,4e-04
"PFAS_vs_UPHOPM","PFAS","UPHOPM","LBXPFHS","URXOPM",2015,1955,0.0279,8e-04
"PFAS_vs_UPHOPM","PFAS","UPHOPM","LBXPFHS","URXOXY",2015,1965,0.0177,3e-04
"PFAS_vs_UPHOPM","PFAS","UPHOPM","LBXPFHS","URXPAR",2015,1965,0.0062,0
"PFAS_vs_UPHOPM","PFAS","UPHOPM","LBXPFHS","URXTCC",2015,1952,0.0047,0
"PFAS_vs_UPHOPM","PFAS","UPHOPM","LBXPFNA","URX24D",2015,1963,0.0055,0
"PFAS_vs_UPHOPM","PFAS","UPHOPM","LBXPFNA","URX4FP",2015,1964,0.0448,0.002
"PFAS_vs_UPHOPM","PFAS","UPHOPM","LBXPFNA","URXCPM",2015,1962,0.0215,5e-04
"PFAS_vs_UPHOPM","PFAS","UPHOPM","LBXPFNA","URXMAL",2015,1956,0.0154,2e-04
"PFAS_vs_UPHOPM","PFAS","UPHOPM","LBXPFNA","URXOPM",2015,1955,0.0606,0.0037
"PFAS_vs_UPHOPM","PFAS","UPHOPM","LBXPFNA","URXOXY",2015,1965,0.0529,0.0028
"PFAS_vs_UPHOPM","PFAS","UPHOPM","LBXPFNA","URXPAR",2015,1965,0.0174,3e-04
"PFAS_vs_UPHOPM","PFAS","UPHOPM","LBXPFNA","URXTCC",2015,1952,0.0437,0.0019
"PFAS_vs_UPHOPM","PFAS","UPHOPM","LBXPFUA","URX24D",2015,1963,-0.0912,0.0083
"PFAS_vs_UPHOPM","PFAS","UPHOPM","LBXPFUA","URX4FP",2015,1964,0.0335,0.0011
"PFAS_vs_UPHOPM","PFAS","UPHOPM","LBXPFUA","URXCPM",2015,1962,-0.013,2e-04
"PFAS_vs_UPHOPM","PFAS","UPHOPM","LBXPFUA","URXMAL",2015,1956,-0.008,1e-04
"PFAS_vs_UPHOPM","PFAS","UPHOPM","LBXPFUA","URXOPM",2015,1955,0.0296,9e-04
"PFAS_vs_UPHOPM","PFAS","UPHOPM","LBXPFUA","URXOXY",2015,1965,0.0471,0.0022
"PFAS_vs_UPHOPM","PFAS","UPHOPM","LBXPFUA","URXPAR",2015,1965,0.0097,1e-04
"PFAS_vs_UPHOPM","PFAS","UPHOPM","LBXPFUA","URXTCC",2015,1952,0.0567,0.0032
"PFC_vs_PHTHTE","PFC","PHTHTE","LBXEPAH","URXCNP",2011,1867,-0.0268,7e-04
"PFC_vs_PHTHTE","PFC","PHTHTE","LBXEPAH","URXCOP",2011,1867,-0.0429,0.0018
"PFC_vs_PHTHTE","PFC","PHTHTE","LBXEPAH","URXECP",2011,1867,-0.0102,1e-04
"PFC_vs_PHTHTE","PFC","PHTHTE","LBXEPAH","URXMBP",2011,1867,-0.0313,0.001
"PFC_vs_PHTHTE","PFC","PHTHTE","LBXEPAH","URXMC1",2011,1867,-0.0284,8e-04
"PFC_vs_PHTHTE","PFC","PHTHTE","LBXEPAH","URXMEP",2011,1867,-0.0289,8e-04
"PFC_vs_PHTHTE","PFC","PHTHTE","LBXEPAH","URXMHH",2011,1867,-0.0209,4e-04
"PFC_vs_PHTHTE","PFC","PHTHTE","LBXEPAH","URXMHNC",2011,1867,-0.0088,1e-04
"PFC_vs_PHTHTE","PFC","PHTHTE","LBXEPAH","URXMHP",2011,1867,-0.0367,0.0013
"PFC_vs_PHTHTE","PFC","PHTHTE","LBXEPAH","URXMIB",2011,1867,-0.08,0.0064
"PFC_vs_PHTHTE","PFC","PHTHTE","LBXEPAH","URXMNM",2011,1867,-0.0017,0
"PFC_vs_PHTHTE","PFC","PHTHTE","LBXEPAH","URXMNP",2011,1867,-0.038,0.0014
"PFC_vs_PHTHTE","PFC","PHTHTE","LBXEPAH","URXMOH",2011,1867,-0.0192,4e-04
"PFC_vs_PHTHTE","PFC","PHTHTE","LBXEPAH","URXMZP",2011,1867,-0.0458,0.0021
"PFC_vs_PHTHTE","PFC","PHTHTE","LBXEPAH","URXUCR",2011,1887,-0.063,0.004
"PFC_vs_PHTHTE","PFC","PHTHTE","LBXMPAH","URXCNP",2011,1867,0.017,3e-04
"PFC_vs_PHTHTE","PFC","PHTHTE","LBXMPAH","URXCOP",2011,1867,-0.0025,0
"PFC_vs_PHTHTE","PFC","PHTHTE","LBXMPAH","URXECP",2011,1867,0.0085,1e-04
"PFC_vs_PHTHTE","PFC","PHTHTE","LBXMPAH","URXMBP",2011,1867,0.0295,9e-04
"PFC_vs_PHTHTE","PFC","PHTHTE","LBXMPAH","URXMC1",2011,1867,0.0048,0
"PFC_vs_PHTHTE","PFC","PHTHTE","LBXMPAH","URXMEP",2011,1867,0.0365,0.0013
"PFC_vs_PHTHTE","PFC","PHTHTE","LBXMPAH","URXMHH",2011,1867,-0.0067,0
"PFC_vs_PHTHTE","PFC","PHTHTE","LBXMPAH","URXMHNC",2011,1867,-0.009,1e-04
"PFC_vs_PHTHTE","PFC","PHTHTE","LBXMPAH","URXMHP",2011,1867,-0.0528,0.0028
"PFC_vs_PHTHTE","PFC","PHTHTE","LBXMPAH","URXMIB",2011,1867,-0.0152,2e-04
"PFC_vs_PHTHTE","PFC","PHTHTE","LBXMPAH","URXMNM",2011,1867,-0.0609,0.0037
"PFC_vs_PHTHTE","PFC","PHTHTE","LBXMPAH","URXMNP",2011,1867,-0.0099,1e-04
"PFC_vs_PHTHTE","PFC","PHTHTE","LBXMPAH","URXMOH",2011,1867,0.0031,0
"PFC_vs_PHTHTE","PFC","PHTHTE","LBXMPAH","URXMZP",2011,1867,0.0417,0.0017
"PFC_vs_PHTHTE","PFC","PHTHTE","LBXMPAH","URXUCR",2011,1887,0.0164,3e-04
"PFC_vs_PHTHTE","PFC","PHTHTE","LBXPFBS","URXCNP",2011,1867,-0.0174,3e-04
"PFC_vs_PHTHTE","PFC","PHTHTE","LBXPFBS","URXCOP",2011,1867,-0.0213,5e-04
"PFC_vs_PHTHTE","PFC","PHTHTE","LBXPFBS","URXECP",2011,1867,-0.0135,2e-04
"PFC_vs_PHTHTE","PFC","PHTHTE","LBXPFBS","URXMBP",2011,1867,-0.0173,3e-04
"PFC_vs_PHTHTE","PFC","PHTHTE","LBXPFBS","URXMC1",2011,1867,-0.0073,1e-04
"PFC_vs_PHTHTE","PFC","PHTHTE","LBXPFBS","URXMEP",2011,1867,-0.0046,0
"PFC_vs_PHTHTE","PFC","PHTHTE","LBXPFBS","URXMHH",2011,1867,-0.0154,2e-04
"PFC_vs_PHTHTE","PFC","PHTHTE","LBXPFBS","URXMHNC",2011,1867,-0.0244,6e-04
"PFC_vs_PHTHTE","PFC","PHTHTE","LBXPFBS","URXMHP",2011,1867,-0.0461,0.0021
"PFC_vs_PHTHTE","PFC","PHTHTE","LBXPFBS","URXMIB",2011,1867,-0.0358,0.0013
"PFC_vs_PHTHTE","PFC","PHTHTE","LBXPFBS","URXMNM",2011,1867,-0.0341,0.0012
"PFC_vs_PHTHTE","PFC","PHTHTE","LBXPFBS","URXMNP",2011,1867,-0.0273,7e-04
"PFC_vs_PHTHTE","PFC","PHTHTE","LBXPFBS","URXMOH",2011,1867,-0.0227,5e-04
"PFC_vs_PHTHTE","PFC","PHTHTE","LBXPFBS","URXMZP",2011,1867,0.0107,1e-04
"PFC_vs_PHTHTE","PFC","PHTHTE","LBXPFBS","URXUCR",2011,1887,-0.0287,8e-04
"PFC_vs_PHTHTE","PFC","PHTHTE","LBXPFDE","URXCNP",2011,1867,-0.0932,0.0087
"PFC_vs_PHTHTE","PFC","PHTHTE","LBXPFDE","URXCOP",2011,1867,-0.0799,0.0064
"PFC_vs_PHTHTE","PFC","PHTHTE","LBXPFDE","URXECP",2011,1867,-0.1101,0.0121
"PFC_vs_PHTHTE","PFC","PHTHTE","LBXPFDE","URXMBP",2011,1867,-0.072,0.0052
"PFC_vs_PHTHTE","PFC","PHTHTE","LBXPFDE","URXMC1",2011,1867,-0.0505,0.0025
"PFC_vs_PHTHTE","PFC","PHTHTE","LBXPFDE","URXMEP",2011,1867,-0.025,6e-04
"PFC_vs_PHTHTE","PFC","PHTHTE","LBXPFDE","URXMHH",2011,1867,-0.0804,0.0065
"PFC_vs_PHTHTE","PFC","PHTHTE","LBXPFDE","URXMHNC",2011,1867,0.0241,6e-04
"PFC_vs_PHTHTE","PFC","PHTHTE","LBXPFDE","URXMHP",2011,1867,-0.0262,7e-04
"PFC_vs_PHTHTE","PFC","PHTHTE","LBXPFDE","URXMIB",2011,1867,-0.0569,0.0032
"PFC_vs_PHTHTE","PFC","PHTHTE","LBXPFDE","URXMNM",2011,1867,-0.0298,9e-04
"PFC_vs_PHTHTE","PFC","PHTHTE","LBXPFDE","URXMNP",2011,1867,-0.0112,1e-04
"PFC_vs_PHTHTE","PFC","PHTHTE","LBXPFDE","URXMOH",2011,1867,-0.1057,0.0112
"PFC_vs_PHTHTE","PFC","PHTHTE","LBXPFDE","URXMZP",2011,1867,-0.1604,0.0257
"PFC_vs_PHTHTE","PFC","PHTHTE","LBXPFDE","URXUCR",2011,1887,-0.055,0.003
"PFC_vs_PHTHTE","PFC","PHTHTE","LBXPFDO","URXCNP",2011,1867,-0.1136,0.0129
"PFC_vs_PHTHTE","PFC","PHTHTE","LBXPFDO","URXCOP",2011,1867,-0.0902,0.0081
"PFC_vs_PHTHTE","PFC","PHTHTE","LBXPFDO","URXECP",2011,1867,-0.1024,0.0105
"PFC_vs_PHTHTE","PFC","PHTHTE","LBXPFDO","URXMBP",2011,1867,-0.1313,0.0172
"PFC_vs_PHTHTE","PFC","PHTHTE","LBXPFDO","URXMC1",2011,1867,-0.0574,0.0033
"PFC_vs_PHTHTE","PFC","PHTHTE","LBXPFDO","URXMEP",2011,1867,-0.115,0.0132
"PFC_vs_PHTHTE","PFC","PHTHTE","LBXPFDO","URXMHH",2011,1867,-0.0672,0.0045
"PFC_vs_PHTHTE","PFC","PHTHTE","LBXPFDO","URXMHNC",2011,1867,-0.0027,0
"PFC_vs_PHTHTE","PFC","PHTHTE","LBXPFDO","URXMHP",2011,1867,-0.0128,2e-04
"PFC_vs_PHTHTE","PFC","PHTHTE","LBXPFDO","URXMIB",2011,1867,-0.0938,0.0088
"PFC_vs_PHTHTE","PFC","PHTHTE","LBXPFDO","URXMNM",2011,1867,-0.0399,0.0016
"PFC_vs_PHTHTE","PFC","PHTHTE","LBXPFDO","URXMNP",2011,1867,-0.0094,1e-04
"PFC_vs_PHTHTE","PFC","PHTHTE","LBXPFDO","URXMOH",2011,1867,-0.0833,0.0069
"PFC_vs_PHTHTE","PFC","PHTHTE","LBXPFDO","URXMZP",2011,1867,-0.1287,0.0166
"PFC_vs_PHTHTE","PFC","PHTHTE","LBXPFDO","URXUCR",2011,1887,-0.1121,0.0126
"PFC_vs_PHTHTE","PFC","PHTHTE","LBXPFHP","URXCNP",2011,1867,-0.0157,2e-04
"PFC_vs_PHTHTE","PFC","PHTHTE","LBXPFHP","URXCOP",2011,1867,-0.0096,1e-04
"PFC_vs_PHTHTE","PFC","PHTHTE","LBXPFHP","URXECP",2011,1867,-0.0017,0
"PFC_vs_PHTHTE","PFC","PHTHTE","LBXPFHP","URXMBP",2011,1867,0.0033,0
"PFC_vs_PHTHTE","PFC","PHTHTE","LBXPFHP","URXMC1",2011,1867,-0.0108,1e-04
"PFC_vs_PHTHTE","PFC","PHTHTE","LBXPFHP","URXMEP",2011,1867,0.0147,2e-04
"PFC_vs_PHTHTE","PFC","PHTHTE","LBXPFHP","URXMHH",2011,1867,-0.0192,4e-04
"PFC_vs_PHTHTE","PFC","PHTHTE","LBXPFHP","URXMHNC",2011,1867,0.0228,5e-04
"PFC_vs_PHTHTE","PFC","PHTHTE","LBXPFHP","URXMHP",2011,1867,-0.1317,0.0174
"PFC_vs_PHTHTE","PFC","PHTHTE","LBXPFHP","URXMIB",2011,1867,-0.0048,0
"PFC_vs_PHTHTE","PFC","PHTHTE","LBXPFHP","URXMNM",2011,1867,-0.004,0
"PFC_vs_PHTHTE","PFC","PHTHTE","LBXPFHP","URXMNP",2011,1867,-0.0587,0.0035
"PFC_vs_PHTHTE","PFC","PHTHTE","LBXPFHP","URXMOH",2011,1867,-0.0148,2e-04
"PFC_vs_PHTHTE","PFC","PHTHTE","LBXPFHP","URXMZP",2011,1867,-0.0156,2e-04
"PFC_vs_PHTHTE","PFC","PHTHTE","LBXPFHP","URXUCR",2011,1887,-0.0108,1e-04
"PFC_vs_PHTHTE","PFC","PHTHTE","LBXPFHS","URXCNP",2011,1867,0.0835,0.007
"PFC_vs_PHTHTE","PFC","PHTHTE","LBXPFHS","URXCOP",2011,1867,0.0612,0.0037
"PFC_vs_PHTHTE","PFC","PHTHTE","LBXPFHS","URXECP",2011,1867,0.0228,5e-04
"PFC_vs_PHTHTE","PFC","PHTHTE","LBXPFHS","URXMBP",2011,1867,-0.0144,2e-04
"PFC_vs_PHTHTE","PFC","PHTHTE","LBXPFHS","URXMC1",2011,1867,0.0638,0.0041
"PFC_vs_PHTHTE","PFC","PHTHTE","LBXPFHS","URXMEP",2011,1867,0.0128,2e-04
"PFC_vs_PHTHTE","PFC","PHTHTE","LBXPFHS","URXMHH",2011,1867,0.028,8e-04
"PFC_vs_PHTHTE","PFC","PHTHTE","LBXPFHS","URXMHNC",2011,1867,-0.0581,0.0034
"PFC_vs_PHTHTE","PFC","PHTHTE","LBXPFHS","URXMHP",2011,1867,-0.0112,1e-04
"PFC_vs_PHTHTE","PFC","PHTHTE","LBXPFHS","URXMIB",2011,1867,-0.0035,0
"PFC_vs_PHTHTE","PFC","PHTHTE","LBXPFHS","URXMNM",2011,1867,-0.0525,0.0028
"PFC_vs_PHTHTE","PFC","PHTHTE","LBXPFHS","URXMNP",2011,1867,0.03,9e-04
"PFC_vs_PHTHTE","PFC","PHTHTE","LBXPFHS","URXMOH",2011,1867,0.0148,2e-04
"PFC_vs_PHTHTE","PFC","PHTHTE","LBXPFHS","URXMZP",2011,1867,-0.0237,6e-04
"PFC_vs_PHTHTE","PFC","PHTHTE","LBXPFHS","URXUCR",2011,1887,0.0677,0.0046
"PFC_vs_PHTHTE","PFC","PHTHTE","LBXPFNA","URXCNP",2011,1867,-0.0129,2e-04
"PFC_vs_PHTHTE","PFC","PHTHTE","LBXPFNA","URXCOP",2011,1867,-0.0135,2e-04
"PFC_vs_PHTHTE","PFC","PHTHTE","LBXPFNA","URXECP",2011,1867,-0.0423,0.0018
"PFC_vs_PHTHTE","PFC","PHTHTE","LBXPFNA","URXMBP",2011,1867,-0.0058,0
"PFC_vs_PHTHTE","PFC","PHTHTE","LBXPFNA","URXMC1",2011,1867,0.0032,0
"PFC_vs_PHTHTE","PFC","PHTHTE","LBXPFNA","URXMEP",2011,1867,0.0339,0.0012
"PFC_vs_PHTHTE","PFC","PHTHTE","LBXPFNA","URXMHH",2011,1867,-0.0203,4e-04
"PFC_vs_PHTHTE","PFC","PHTHTE","LBXPFNA","URXMHNC",2011,1867,-0.003,0
"PFC_vs_PHTHTE","PFC","PHTHTE","LBXPFNA","URXMHP",2011,1867,-0.0086,1e-04
"PFC_vs_PHTHTE","PFC","PHTHTE","LBXPFNA","URXMIB",2011,1867,0.008,1e-04
"PFC_vs_PHTHTE","PFC","PHTHTE","LBXPFNA","URXMNM",2011,1867,-0.0134,2e-04
"PFC_vs_PHTHTE","PFC","PHTHTE","LBXPFNA","URXMNP",2011,1867,0.0172,3e-04
"PFC_vs_PHTHTE","PFC","PHTHTE","LBXPFNA","URXMOH",2011,1867,-0.0447,0.002
"PFC_vs_PHTHTE","PFC","PHTHTE","LBXPFNA","URXMZP",2011,1867,-0.075,0.0056
"PFC_vs_PHTHTE","PFC","PHTHTE","LBXPFNA","URXUCR",2011,1887,0.0179,3e-04
"PFC_vs_PHTHTE","PFC","PHTHTE","LBXPFOA","URXCNP",2011,1867,0.0601,0.0036
"PFC_vs_PHTHTE","PFC","PHTHTE","LBXPFOA","URXCOP",2011,1867,0.0375,0.0014
"PFC_vs_PHTHTE","PFC","PHTHTE","LBXPFOA","URXECP",2011,1867,-0.0352,0.0012
"PFC_vs_PHTHTE","PFC","PHTHTE","LBXPFOA","URXMBP",2011,1867,-0.0304,9e-04
"PFC_vs_PHTHTE","PFC","PHTHTE","LBXPFOA","URXMC1",2011,1867,0.0222,5e-04
"PFC_vs_PHTHTE","PFC","PHTHTE","LBXPFOA","URXMEP",2011,1867,0.0103,1e-04
"PFC_vs_PHTHTE","PFC","PHTHTE","LBXPFOA","URXMHH",2011,1867,-0.0372,0.0014
"PFC_vs_PHTHTE","PFC","PHTHTE","LBXPFOA","URXMHNC",2011,1867,-0.0332,0.0011
"PFC_vs_PHTHTE","PFC","PHTHTE","LBXPFOA","URXMHP",2011,1867,-0.0787,0.0062
"PFC_vs_PHTHTE","PFC","PHTHTE","LBXPFOA","URXMIB",2011,1867,-0.0196,4e-04
"PFC_vs_PHTHTE","PFC","PHTHTE","LBXPFOA","URXMNM",2011,1867,-0.0426,0.0018
"PFC_vs_PHTHTE","PFC","PHTHTE","LBXPFOA","URXMNP",2011,1867,0.0053,0
"PFC_vs_PHTHTE","PFC","PHTHTE","LBXPFOA","URXMOH",2011,1867,-0.045,0.002
"PFC_vs_PHTHTE","PFC","PHTHTE","LBXPFOA","URXMZP",2011,1867,-0.0913,0.0083
"PFC_vs_PHTHTE","PFC","PHTHTE","LBXPFOA","URXUCR",2011,1887,0.0265,7e-04
"PFC_vs_PHTHTE","PFC","PHTHTE","LBXPFOS","URXCNP",2011,1867,0.0094,1e-04
"PFC_vs_PHTHTE","PFC","PHTHTE","LBXPFOS","URXCOP",2011,1867,-0.0139,2e-04
"PFC_vs_PHTHTE","PFC","PHTHTE","LBXPFOS","URXECP",2011,1867,-0.0433,0.0019
"PFC_vs_PHTHTE","PFC","PHTHTE","LBXPFOS","URXMBP",2011,1867,-0.0189,4e-04
"PFC_vs_PHTHTE","PFC","PHTHTE","LBXPFOS","URXMC1",2011,1867,0.0022,0
"PFC_vs_PHTHTE","PFC","PHTHTE","LBXPFOS","URXMEP",2011,1867,-2e-04,0
"PFC_vs_PHTHTE","PFC","PHTHTE","LBXPFOS","URXMHH",2011,1867,-0.0177,3e-04
"PFC_vs_PHTHTE","PFC","PHTHTE","LBXPFOS","URXMHNC",2011,1867,-0.0456,0.0021
"PFC_vs_PHTHTE","PFC","PHTHTE","LBXPFOS","URXMHP",2011,1867,-0.0395,0.0016
"PFC_vs_PHTHTE","PFC","PHTHTE","LBXPFOS","URXMIB",2011,1867,-0.0235,6e-04
"PFC_vs_PHTHTE","PFC","PHTHTE","LBXPFOS","URXMNM",2011,1867,-0.0676,0.0046
"PFC_vs_PHTHTE","PFC","PHTHTE","LBXPFOS","URXMNP",2011,1867,-0.0143,2e-04
"PFC_vs_PHTHTE","PFC","PHTHTE","LBXPFOS","URXMOH",2011,1867,-0.0383,0.0015
"PFC_vs_PHTHTE","PFC","PHTHTE","LBXPFOS","URXMZP",2011,1867,-0.0641,0.0041
"PFC_vs_PHTHTE","PFC","PHTHTE","LBXPFOS","URXUCR",2011,1887,0.0707,0.005
"PFC_vs_PHTHTE","PFC","PHTHTE","LBXPFSA","URXCNP",2011,1867,0.0098,1e-04
"PFC_vs_PHTHTE","PFC","PHTHTE","LBXPFSA","URXCOP",2011,1867,0.0086,1e-04
"PFC_vs_PHTHTE","PFC","PHTHTE","LBXPFSA","URXECP",2011,1867,0.0193,4e-04
"PFC_vs_PHTHTE","PFC","PHTHTE","LBXPFSA","URXMBP",2011,1867,0.0105,1e-04
"PFC_vs_PHTHTE","PFC","PHTHTE","LBXPFSA","URXMC1",2011,1867,0.0237,6e-04
"PFC_vs_PHTHTE","PFC","PHTHTE","LBXPFSA","URXMEP",2011,1867,0.0293,9e-04
"PFC_vs_PHTHTE","PFC","PHTHTE","LBXPFSA","URXMHH",2011,1867,0.0137,2e-04
"PFC_vs_PHTHTE","PFC","PHTHTE","LBXPFSA","URXMHNC",2011,1867,-0.0054,0
"PFC_vs_PHTHTE","PFC","PHTHTE","LBXPFSA","URXMHP",2011,1867,0.0106,1e-04
"PFC_vs_PHTHTE","PFC","PHTHTE","LBXPFSA","URXMIB",2011,1867,0.025,6e-04
"PFC_vs_PHTHTE","PFC","PHTHTE","LBXPFSA","URXMNM",2011,1867,0.0091,1e-04
"PFC_vs_PHTHTE","PFC","PHTHTE","LBXPFSA","URXMNP",2011,1867,0.0133,2e-04
"PFC_vs_PHTHTE","PFC","PHTHTE","LBXPFSA","URXMOH",2011,1867,0.0191,4e-04
"PFC_vs_PHTHTE","PFC","PHTHTE","LBXPFSA","URXMZP",2011,1867,0.019,4e-04
"PFC_vs_PHTHTE","PFC","PHTHTE","LBXPFSA","URXUCR",2011,1887,0.0299,9e-04
"PFC_vs_PHTHTE","PFC","PHTHTE","LBXPFUA","URXCNP",2011,1867,-0.1324,0.0175
"PFC_vs_PHTHTE","PFC","PHTHTE","LBXPFUA","URXCOP",2011,1867,-0.1249,0.0156
"PFC_vs_PHTHTE","PFC","PHTHTE","LBXPFUA","URXECP",2011,1867,-0.0939,0.0088
"PFC_vs_PHTHTE","PFC","PHTHTE","LBXPFUA","URXMBP",2011,1867,-0.063,0.004
"PFC_vs_PHTHTE","PFC","PHTHTE","LBXPFUA","URXMC1",2011,1867,-0.0616,0.0038
"PFC_vs_PHTHTE","PFC","PHTHTE","LBXPFUA","URXMEP",2011,1867,-0.0373,0.0014
"PFC_vs_PHTHTE","PFC","PHTHTE","LBXPFUA","URXMHH",2011,1867,-0.0741,0.0055
"PFC_vs_PHTHTE","PFC","PHTHTE","LBXPFUA","URXMHNC",2011,1867,0.0108,1e-04
"PFC_vs_PHTHTE","PFC","PHTHTE","LBXPFUA","URXMHP",2011,1867,-0.003,0
"PFC_vs_PHTHTE","PFC","PHTHTE","LBXPFUA","URXMIB",2011,1867,-0.0396,0.0016
"PFC_vs_PHTHTE","PFC","PHTHTE","LBXPFUA","URXMNM",2011,1867,-0.0049,0
"PFC_vs_PHTHTE","PFC","PHTHTE","LBXPFUA","URXMNP",2011,1867,-0.0399,0.0016
"PFC_vs_PHTHTE","PFC","PHTHTE","LBXPFUA","URXMOH",2011,1867,-0.0998,0.01
"PFC_vs_PHTHTE","PFC","PHTHTE","LBXPFUA","URXMZP",2011,1867,-0.1551,0.0241
"PFC_vs_PHTHTE","PFC","PHTHTE","LBXPFUA","URXUCR",2011,1887,-0.0867,0.0075
