"dataset","year","chemical","n_total","n_below_lod","pct_below","dataset_label","lod_flag"
"IHGEM",2011,"LBXBGE",7841,0,0,"Mercury: Inorganic, Ethyl & Methyl (Blood)","Mostly detected (reliable)"
"IHGEM",2013,"LBXBGE",5175,0,0,"Mercury: Inorganic, Ethyl & Methyl (Blood)","Mostly detected (reliable)"
"IHGEM",2015,"LBXBGE",4936,0,0,"Mercury: Inorganic, Ethyl & Methyl (Blood)","Mostly detected (reliable)"
"IHGEM",2017,"LBXBGE",7480,0,0,"Mercury: Inorganic, Ethyl & Methyl (Blood)","Mostly detected (reliable)"
"IHGEM",2011,"LBXBGM",7841,0,0,"Mercury: Inorganic, Ethyl & Methyl (Blood)","Mostly detected (reliable)"
"IHGEM",2013,"LBXBGM",5175,0,0,"Mercury: Inorganic, Ethyl & Methyl (Blood)","Mostly detected (reliable)"
"IHGEM",2015,"LBXBGM",4938,0,0,"Mercury: Inorganic, Ethyl & Methyl (Blood)","Mostly detected (reliable)"
"IHGEM",2017,"LBXBGM",7480,0,0,"Mercury: Inorganic, Ethyl & Methyl (Blood)","Mostly detected (reliable)"
"IHGEM",2007,"LBXIHG",8162,0,0,"Mercury: Inorganic, Ethyl & Methyl (Blood)","Mostly detected (reliable)"
"IHGEM",2009,"LBXIHG",8733,0,0,"Mercury: Inorganic, Ethyl & Methyl (Blood)","Mostly detected (reliable)"
"IHGEM",2011,"LBXIHG",7841,0,0,"Mercury: Inorganic, Ethyl & Methyl (Blood)","Mostly detected (reliable)"
"IHGEM",2013,"LBXIHG",5175,0,0,"Mercury: Inorganic, Ethyl & Methyl (Blood)","Mostly detected (reliable)"
"IHGEM",2015,"LBXIHG",4938,0,0,"Mercury: Inorganic, Ethyl & Methyl (Blood)","Mostly detected (reliable)"
"IHGEM",2017,"LBXIHG",7480,0,0,"Mercury: Inorganic, Ethyl & Methyl (Blood)","Mostly detected (reliable)"
"PBCD_EXT",2011,"LBXBCD",7920,0,0,"Cadmium, Lead, Hg, Se & Mn (Blood)","Mostly detected (reliable)"
"PBCD_EXT",2013,"LBXBCD",5215,0,0,"Cadmium, Lead, Hg, Se & Mn (Blood)","Mostly detected (reliable)"
"PBCD_EXT",2015,"LBXBCD",4988,0,0,"Cadmium, Lead, Hg, Se & Mn (Blood)","Mostly detected (reliable)"
"PBCD_EXT",2017,"LBXBCD",7513,0,0,"Cadmium, Lead, Hg, Se & Mn (Blood)","Mostly detected (reliable)"
"PBCD_EXT",2011,"LBXBMN",7920,0,0,"Cadmium, Lead, Hg, Se & Mn (Blood)","Mostly detected (reliable)"
"PBCD_EXT",2013,"LBXBMN",5215,0,0,"Cadmium, Lead, Hg, Se & Mn (Blood)","Mostly detected (reliable)"
"PBCD_EXT",2015,"LBXBMN",4987,0,0,"Cadmium, Lead, Hg, Se & Mn (Blood)","Mostly detected (reliable)"
"PBCD_EXT",2017,"LBXBMN",7513,0,0,"Cadmium, Lead, Hg, Se & Mn (Blood)","Mostly detected (reliable)"
"PBCD_EXT",2011,"LBXBPB",7920,0,0,"Cadmium, Lead, Hg, Se & Mn (Blood)","Mostly detected (reliable)"
"PBCD_EXT",2013,"LBXBPB",5215,0,0,"Cadmium, Lead, Hg, Se & Mn (Blood)","Mostly detected (reliable)"
"PBCD_EXT",2015,"LBXBPB",4988,0,0,"Cadmium, Lead, Hg, Se & Mn (Blood)","Mostly detected (reliable)"
"PBCD_EXT",2017,"LBXBPB",6884,0,0,"Cadmium, Lead, Hg, Se & Mn (Blood)","Mostly detected (reliable)"
"PBCD_EXT",2011,"LBXBSE",7920,0,0,"Cadmium, Lead, Hg, Se & Mn (Blood)","Mostly detected (reliable)"
"PBCD_EXT",2013,"LBXBSE",5215,0,0,"Cadmium, Lead, Hg, Se & Mn (Blood)","Mostly detected (reliable)"
"PBCD_EXT",2015,"LBXBSE",4987,0,0,"Cadmium, Lead, Hg, Se & Mn (Blood)","Mostly detected (reliable)"
"PBCD_EXT",2017,"LBXBSE",7513,0,0,"Cadmium, Lead, Hg, Se & Mn (Blood)","Mostly detected (reliable)"
"PBCD_EXT",2011,"LBXTHG",7920,0,0,"Cadmium, Lead, Hg, Se & Mn (Blood)","Mostly detected (reliable)"
"PBCD_EXT",2013,"LBXTHG",5215,0,0,"Cadmium, Lead, Hg, Se & Mn (Blood)","Mostly detected (reliable)"
"PBCD_EXT",2015,"LBXTHG",4988,0,0,"Cadmium, Lead, Hg, Se & Mn (Blood)","Mostly detected (reliable)"
"PBCD_EXT",2017,"LBXTHG",7513,0,0,"Cadmium, Lead, Hg, Se & Mn (Blood)","Mostly detected (reliable)"
"PFAS",2015,"LBXBFOA",1993,NA,NA,"PFAS (Serum)","Mostly detected (reliable)"
"PFAS",2017,"LBXBFOA",1929,NA,NA,"PFAS (Serum)","Mostly detected (reliable)"
"PFAS",2015,"LBXMFOS",1993,NA,NA,"PFAS (Serum)","Mostly detected (reliable)"
"PFAS",2017,"LBXMFOS",1929,NA,NA,"PFAS (Serum)","Mostly detected (reliable)"
"PFAS",2013,"LBXMPAH",2168,NA,NA,"PFAS (Serum)","Mostly detected (reliable)"
"PFAS",2015,"LBXMPAH",1993,NA,NA,"PFAS (Serum)","Mostly detected (reliable)"
"PFAS",2017,"LBXMPAH",1929,NA,NA,"PFAS (Serum)","Mostly detected (reliable)"
"PFAS",2015,"LBXNFOA",1993,NA,NA,"PFAS (Serum)","Mostly detected (reliable)"
"PFAS",2017,"LBXNFOA",1929,NA,NA,"PFAS (Serum)","Mostly detected (reliable)"
"PFAS",2015,"LBXNFOS",1993,NA,NA,"PFAS (Serum)","Mostly detected (reliable)"
"PFAS",2017,"LBXNFOS",1929,NA,NA,"PFAS (Serum)","Mostly detected (reliable)"
"PFAS",2013,"LBXPFBS",2168,NA,NA,"PFAS (Serum)","Mostly detected (reliable)"
"PFAS",2013,"LBXPFDE",2168,NA,NA,"PFAS (Serum)","Mostly detected (reliable)"
"PFAS",2015,"LBXPFDE",1993,NA,NA,"PFAS (Serum)","Mostly detected (reliable)"
"PFAS",2017,"LBXPFDE",1929,NA,NA,"PFAS (Serum)","Mostly detected (reliable)"
"PFAS",2013,"LBXPFDO",2168,NA,NA,"PFAS (Serum)","Mostly detected (reliable)"
"PFAS",2015,"LBXPFDO",1993,NA,NA,"PFAS (Serum)","Mostly detected (reliable)"
"PFAS",2013,"LBXPFHP",2168,NA,NA,"PFAS (Serum)","Mostly detected (reliable)"
"PFAS",2013,"LBXPFHS",2168,NA,NA,"PFAS (Serum)","Mostly detected (reliable)"
"PFAS",2015,"LBXPFHS",1993,NA,NA,"PFAS (Serum)","Mostly detected (reliable)"
"PFAS",2017,"LBXPFHS",1929,NA,NA,"PFAS (Serum)","Mostly detected (reliable)"
"PFAS",2013,"LBXPFNA",2168,NA,NA,"PFAS (Serum)","Mostly detected (reliable)"
"PFAS",2015,"LBXPFNA",1993,NA,NA,"PFAS (Serum)","Mostly detected (reliable)"
"PFAS",2017,"LBXPFNA",1929,NA,NA,"PFAS (Serum)","Mostly detected (reliable)"
"PFAS",2013,"LBXPFUA",2168,NA,NA,"PFAS (Serum)","Mostly detected (reliable)"
"PFAS",2015,"LBXPFUA",1993,NA,NA,"PFAS (Serum)","Mostly detected (reliable)"
"PFAS",2017,"LBXPFUA",1929,NA,NA,"PFAS (Serum)","Mostly detected (reliable)"
"PFC",2003,"LBXEPAH",2094,NA,NA,"Polyfluoroalkyl Chemicals (Serum)","Mostly detected (reliable)"
"PFC",2005,"LBXEPAH",2120,NA,NA,"Polyfluoroalkyl Chemicals (Serum)","Mostly detected (reliable)"
"PFC",2007,"LBXEPAH",2100,NA,NA,"Polyfluoroalkyl Chemicals (Serum)","Mostly detected (reliable)"
"PFC",2009,"LBXEPAH",2233,NA,NA,"Polyfluoroalkyl Chemicals (Serum)","Mostly detected (reliable)"
"PFC",2011,"LBXEPAH",1904,NA,NA,"Polyfluoroalkyl Chemicals (Serum)","Mostly detected (reliable)"
"PFC",2003,"LBXMPAH",2094,NA,NA,"Polyfluoroalkyl Chemicals (Serum)","Mostly detected (reliable)"
"PFC",2005,"LBXMPAH",2120,NA,NA,"Polyfluoroalkyl Chemicals (Serum)","Mostly detected (reliable)"
"PFC",2007,"LBXMPAH",2100,NA,NA,"Polyfluoroalkyl Chemicals (Serum)","Mostly detected (reliable)"
"PFC",2009,"LBXMPAH",2233,NA,NA,"Polyfluoroalkyl Chemicals (Serum)","Mostly detected (reliable)"
"PFC",2011,"LBXMPAH",1904,NA,NA,"Polyfluoroalkyl Chemicals (Serum)","Mostly detected (reliable)"
"PFC",2003,"LBXPFBS",2094,NA,NA,"Polyfluoroalkyl Chemicals (Serum)","Mostly detected (reliable)"
"PFC",2005,"LBXPFBS",2120,NA,NA,"Polyfluoroalkyl Chemicals (Serum)","Mostly detected (reliable)"
"PFC",2007,"LBXPFBS",2100,NA,NA,"Polyfluoroalkyl Chemicals (Serum)","Mostly detected (reliable)"
"PFC",2009,"LBXPFBS",2233,NA,NA,"Polyfluoroalkyl Chemicals (Serum)","Mostly detected (reliable)"
"PFC",2011,"LBXPFBS",1904,NA,NA,"Polyfluoroalkyl Chemicals (Serum)","Mostly detected (reliable)"
"PFC",2003,"LBXPFDE",2094,NA,NA,"Polyfluoroalkyl Chemicals (Serum)","Mostly detected (reliable)"
"PFC",2005,"LBXPFDE",2120,NA,NA,"Polyfluoroalkyl Chemicals (Serum)","Mostly detected (reliable)"
"PFC",2007,"LBXPFDE",2100,NA,NA,"Polyfluoroalkyl Chemicals (Serum)","Mostly detected (reliable)"
"PFC",2009,"LBXPFDE",2233,NA,NA,"Polyfluoroalkyl Chemicals (Serum)","Mostly detected (reliable)"
"PFC",2011,"LBXPFDE",1904,NA,NA,"Polyfluoroalkyl Chemicals (Serum)","Mostly detected (reliable)"
"PFC",2003,"LBXPFDO",2094,NA,NA,"Polyfluoroalkyl Chemicals (Serum)","Mostly detected (reliable)"
"PFC",2005,"LBXPFDO",2120,NA,NA,"Polyfluoroalkyl Chemicals (Serum)","Mostly detected (reliable)"
"PFC",2007,"LBXPFDO",2100,NA,NA,"Polyfluoroalkyl Chemicals (Serum)","Mostly detected (reliable)"
"PFC",2009,"LBXPFDO",2233,NA,NA,"Polyfluoroalkyl Chemicals (Serum)","Mostly detected (reliable)"
"PFC",2011,"LBXPFDO",1904,NA,NA,"Polyfluoroalkyl Chemicals (Serum)","Mostly detected (reliable)"
"PFC",2003,"LBXPFHP",2094,NA,NA,"Polyfluoroalkyl Chemicals (Serum)","Mostly detected (reliable)"
"PFC",2005,"LBXPFHP",2120,NA,NA,"Polyfluoroalkyl Chemicals (Serum)","Mostly detected (reliable)"
"PFC",2007,"LBXPFHP",2100,NA,NA,"Polyfluoroalkyl Chemicals (Serum)","Mostly detected (reliable)"
"PFC",2009,"LBXPFHP",2233,NA,NA,"Polyfluoroalkyl Chemicals (Serum)","Mostly detected (reliable)"
"PFC",2011,"LBXPFHP",1904,NA,NA,"Polyfluoroalkyl Chemicals (Serum)","Mostly detected (reliable)"
"PFC",2003,"LBXPFHS",2094,NA,NA,"Polyfluoroalkyl Chemicals (Serum)","Mostly detected (reliable)"
"PFC",2005,"LBXPFHS",2120,NA,NA,"Polyfluoroalkyl Chemicals (Serum)","Mostly detected (reliable)"
"PFC",2007,"LBXPFHS",2100,NA,NA,"Polyfluoroalkyl Chemicals (Serum)","Mostly detected (reliable)"
"PFC",2009,"LBXPFHS",2233,NA,NA,"Polyfluoroalkyl Chemicals (Serum)","Mostly detected (reliable)"
"PFC",2011,"LBXPFHS",1904,NA,NA,"Polyfluoroalkyl Chemicals (Serum)","Mostly detected (reliable)"
"PFC",2003,"LBXPFNA",2094,NA,NA,"Polyfluoroalkyl Chemicals (Serum)","Mostly detected (reliable)"
"PFC",2005,"LBXPFNA",2120,NA,NA,"Polyfluoroalkyl Chemicals (Serum)","Mostly detected (reliable)"
"PFC",2007,"LBXPFNA",2100,NA,NA,"Polyfluoroalkyl Chemicals (Serum)","Mostly detected (reliable)"
"PFC",2009,"LBXPFNA",2233,NA,NA,"Polyfluoroalkyl Chemicals (Serum)","Mostly detected (reliable)"
"PFC",2011,"LBXPFNA",1904,NA,NA,"Polyfluoroalkyl Chemicals (Serum)","Mostly detected (reliable)"
"PFC",2003,"LBXPFOA",2094,NA,NA,"Polyfluoroalkyl Chemicals (Serum)","Mostly detected (reliable)"
"PFC",2005,"LBXPFOA",2120,NA,NA,"Polyfluoroalkyl Chemicals (Serum)","Mostly detected (reliable)"
"PFC",2007,"LBXPFOA",2100,NA,NA,"Polyfluoroalkyl Chemicals (Serum)","Mostly detected (reliable)"
"PFC",2009,"LBXPFOA",2233,NA,NA,"Polyfluoroalkyl Chemicals (Serum)","Mostly detected (reliable)"
"PFC",2011,"LBXPFOA",1904,NA,NA,"Polyfluoroalkyl Chemicals (Serum)","Mostly detected (reliable)"
"PFC",2003,"LBXPFOS",2094,NA,NA,"Polyfluoroalkyl Chemicals (Serum)","Mostly detected (reliable)"
"PFC",2005,"LBXPFOS",2120,NA,NA,"Polyfluoroalkyl Chemicals (Serum)","Mostly detected (reliable)"
"PFC",2007,"LBXPFOS",2100,NA,NA,"Polyfluoroalkyl Chemicals (Serum)","Mostly detected (reliable)"
"PFC",2009,"LBXPFOS",2233,NA,NA,"Polyfluoroalkyl Chemicals (Serum)","Mostly detected (reliable)"
"PFC",2011,"LBXPFOS",1904,NA,NA,"Polyfluoroalkyl Chemicals (Serum)","Mostly detected (reliable)"
"PFC",2003,"LBXPFSA",2094,NA,NA,"Polyfluoroalkyl Chemicals (Serum)","Mostly detected (reliable)"
"PFC",2005,"LBXPFSA",2120,NA,NA,"Polyfluoroalkyl Chemicals (Serum)","Mostly detected (reliable)"
"PFC",2007,"LBXPFSA",2100,NA,NA,"Polyfluoroalkyl Chemicals (Serum)","Mostly detected (reliable)"
"PFC",2009,"LBXPFSA",2233,NA,NA,"Polyfluoroalkyl Chemicals (Serum)","Mostly detected (reliable)"
"PFC",2011,"LBXPFSA",1904,NA,NA,"Polyfluoroalkyl Chemicals (Serum)","Mostly detected (reliable)"
"PFC",2003,"LBXPFUA",2094,NA,NA,"Polyfluoroalkyl Chemicals (Serum)","Mostly detected (reliable)"
"PFC",2005,"LBXPFUA",2120,NA,NA,"Polyfluoroalkyl Chemicals (Serum)","Mostly detected (reliable)"
"PFC",2007,"LBXPFUA",2100,NA,NA,"Polyfluoroalkyl Chemicals (Serum)","Mostly detected (reliable)"
"PFC",2009,"LBXPFUA",2233,NA,NA,"Polyfluoroalkyl Chemicals (Serum)","Mostly detected (reliable)"
"PFC",2011,"LBXPFUA",1904,NA,NA,"Polyfluoroalkyl Chemicals (Serum)","Mostly detected (reliable)"
"PHTHTE",2005,"URXCNP",2548,0,0,"Phthalates & Plasticizers (Urine)","Mostly detected (reliable)"
"PHTHTE",2007,"URXCNP",2604,0,0,"Phthalates & Plasticizers (Urine)","Mostly detected (reliable)"
"PHTHTE",2009,"URXCNP",2749,0,0,"Phthalates & Plasticizers (Urine)","Mostly detected (reliable)"
"PHTHTE",2011,"URXCNP",2489,0,0,"Phthalates & Plasticizers (Urine)","Mostly detected (reliable)"
"PHTHTE",2013,"URXCNP",2685,0,0,"Phthalates & Plasticizers (Urine)","Mostly detected (reliable)"
"PHTHTE",2015,"URXCNP",2975,0,0,"Phthalates & Plasticizers (Urine)","Mostly detected (reliable)"
"PHTHTE",2017,"URXCNP",2762,0,0,"Phthalates & Plasticizers (Urine)","Mostly detected (reliable)"
"PHTHTE",2005,"URXCOP",2548,0,0,"Phthalates & Plasticizers (Urine)","Mostly detected (reliable)"
"PHTHTE",2007,"URXCOP",2604,0,0,"Phthalates & Plasticizers (Urine)","Mostly detected (reliable)"
"PHTHTE",2009,"URXCOP",2749,0,0,"Phthalates & Plasticizers (Urine)","Mostly detected (reliable)"
"PHTHTE",2011,"URXCOP",2489,0,0,"Phthalates & Plasticizers (Urine)","Mostly detected (reliable)"
"PHTHTE",2013,"URXCOP",2685,0,0,"Phthalates & Plasticizers (Urine)","Mostly detected (reliable)"
"PHTHTE",2015,"URXCOP",2975,0,0,"Phthalates & Plasticizers (Urine)","Mostly detected (reliable)"
"PHTHTE",2017,"URXCOP",2762,0,0,"Phthalates & Plasticizers (Urine)","Mostly detected (reliable)"
"PHTHTE",2003,"URXECP",2605,0,0,"Phthalates & Plasticizers (Urine)","Mostly detected (reliable)"
"PHTHTE",2005,"URXECP",2548,0,0,"Phthalates & Plasticizers (Urine)","Mostly detected (reliable)"
"PHTHTE",2007,"URXECP",2604,0,0,"Phthalates & Plasticizers (Urine)","Mostly detected (reliable)"
"PHTHTE",2009,"URXECP",2749,0,0,"Phthalates & Plasticizers (Urine)","Mostly detected (reliable)"
"PHTHTE",2011,"URXECP",2489,0,0,"Phthalates & Plasticizers (Urine)","Mostly detected (reliable)"
"PHTHTE",2013,"URXECP",2685,0,0,"Phthalates & Plasticizers (Urine)","Mostly detected (reliable)"
"PHTHTE",2015,"URXECP",2975,0,0,"Phthalates & Plasticizers (Urine)","Mostly detected (reliable)"
"PHTHTE",2017,"URXECP",2762,0,0,"Phthalates & Plasticizers (Urine)","Mostly detected (reliable)"
"PHTHTE",2017,"URXECPT",2762,NA,NA,"Phthalates & Plasticizers (Urine)","Mostly detected (reliable)"
"PHTHTE",2015,"URXHIBP",2975,NA,NA,"Phthalates & Plasticizers (Urine)","Mostly detected (reliable)"
"PHTHTE",2017,"URXHIBP",2762,NA,NA,"Phthalates & Plasticizers (Urine)","Mostly detected (reliable)"
"PHTHTE",2003,"URXMBP",2605,0,0,"Phthalates & Plasticizers (Urine)","Mostly detected (reliable)"
"PHTHTE",2005,"URXMBP",2548,0,0,"Phthalates & Plasticizers (Urine)","Mostly detected (reliable)"
"PHTHTE",2007,"URXMBP",2604,0,0,"Phthalates & Plasticizers (Urine)","Mostly detected (reliable)"
"PHTHTE",2009,"URXMBP",2749,0,0,"Phthalates & Plasticizers (Urine)","Mostly detected (reliable)"
"PHTHTE",2011,"URXMBP",2489,0,0,"Phthalates & Plasticizers (Urine)","Mostly detected (reliable)"
"PHTHTE",2013,"URXMBP",2685,0,0,"Phthalates & Plasticizers (Urine)","Mostly detected (reliable)"
"PHTHTE",2015,"URXMBP",2975,0,0,"Phthalates & Plasticizers (Urine)","Mostly detected (reliable)"
"PHTHTE",2017,"URXMBP",2762,0,0,"Phthalates & Plasticizers (Urine)","Mostly detected (reliable)"
"PHTHTE",2003,"URXMC1",2605,0,0,"Phthalates & Plasticizers (Urine)","Mostly detected (reliable)"
"PHTHTE",2005,"URXMC1",2548,0,0,"Phthalates & Plasticizers (Urine)","Mostly detected (reliable)"
"PHTHTE",2007,"URXMC1",2604,0,0,"Phthalates & Plasticizers (Urine)","Mostly detected (reliable)"
"PHTHTE",2009,"URXMC1",2749,0,0,"Phthalates & Plasticizers (Urine)","Mostly detected (reliable)"
"PHTHTE",2011,"URXMC1",2489,0,0,"Phthalates & Plasticizers (Urine)","Mostly detected (reliable)"
"PHTHTE",2013,"URXMC1",2685,0,0,"Phthalates & Plasticizers (Urine)","Mostly detected (reliable)"
"PHTHTE",2015,"URXMC1",2975,0,0,"Phthalates & Plasticizers (Urine)","Mostly detected (reliable)"
"PHTHTE",2017,"URXMC1",2762,0,0,"Phthalates & Plasticizers (Urine)","Mostly detected (reliable)"
"PHTHTE",2015,"URXMCOH",2975,NA,NA,"Phthalates & Plasticizers (Urine)","Mostly detected (reliable)"
"PHTHTE",2017,"URXMCOH",2762,NA,NA,"Phthalates & Plasticizers (Urine)","Mostly detected (reliable)"
"PHTHTE",2003,"URXMCP",2605,0,0,"Phthalates & Plasticizers (Urine)","Mostly detected (reliable)"
"PHTHTE",2005,"URXMCP",2548,0,0,"Phthalates & Plasticizers (Urine)","Mostly detected (reliable)"
"PHTHTE",2007,"URXMCP",2604,0,0,"Phthalates & Plasticizers (Urine)","Mostly detected (reliable)"
"PHTHTE",2009,"URXMCP",2749,0,0,"Phthalates & Plasticizers (Urine)","Mostly detected (reliable)"
"PHTHTE",2003,"URXMEP",2605,0,0,"Phthalates & Plasticizers (Urine)","Mostly detected (reliable)"
"PHTHTE",2005,"URXMEP",2548,0,0,"Phthalates & Plasticizers (Urine)","Mostly detected (reliable)"
"PHTHTE",2007,"URXMEP",2604,0,0,"Phthalates & Plasticizers (Urine)","Mostly detected (reliable)"
"PHTHTE",2009,"URXMEP",2749,0,0,"Phthalates & Plasticizers (Urine)","Mostly detected (reliable)"
"PHTHTE",2011,"URXMEP",2489,0,0,"Phthalates & Plasticizers (Urine)","Mostly detected (reliable)"
"PHTHTE",2013,"URXMEP",2685,0,0,"Phthalates & Plasticizers (Urine)","Mostly detected (reliable)"
"PHTHTE",2015,"URXMEP",2975,0,0,"Phthalates & Plasticizers (Urine)","Mostly detected (reliable)"
"PHTHTE",2017,"URXMEP",2762,0,0,"Phthalates & Plasticizers (Urine)","Mostly detected (reliable)"
"PHTHTE",2015,"URXMHBP",2975,NA,NA,"Phthalates & Plasticizers (Urine)","Mostly detected (reliable)"
"PHTHTE",2017,"URXMHBP",2762,NA,NA,"Phthalates & Plasticizers (Urine)","Mostly detected (reliable)"
"PHTHTE",2003,"URXMHH",2605,0,0,"Phthalates & Plasticizers (Urine)","Mostly detected (reliable)"
"PHTHTE",2005,"URXMHH",2548,0,0,"Phthalates & Plasticizers (Urine)","Mostly detected (reliable)"
"PHTHTE",2007,"URXMHH",2604,0,0,"Phthalates & Plasticizers (Urine)","Mostly detected (reliable)"
"PHTHTE",2009,"URXMHH",2749,0,0,"Phthalates & Plasticizers (Urine)","Mostly detected (reliable)"
"PHTHTE",2011,"URXMHH",2489,0,0,"Phthalates & Plasticizers (Urine)","Mostly detected (reliable)"
"PHTHTE",2013,"URXMHH",2685,0,0,"Phthalates & Plasticizers (Urine)","Mostly detected (reliable)"
"PHTHTE",2015,"URXMHH",2975,0,0,"Phthalates & Plasticizers (Urine)","Mostly detected (reliable)"
"PHTHTE",2017,"URXMHH",2762,0,0,"Phthalates & Plasticizers (Urine)","Mostly detected (reliable)"
"PHTHTE",2017,"URXMHHT",2762,NA,NA,"Phthalates & Plasticizers (Urine)","Mostly detected (reliable)"
"PHTHTE",2011,"URXMHNC",2489,NA,NA,"Phthalates & Plasticizers (Urine)","Mostly detected (reliable)"
"PHTHTE",2013,"URXMHNC",2685,NA,NA,"Phthalates & Plasticizers (Urine)","Mostly detected (reliable)"
"PHTHTE",2015,"URXMHNC",2975,NA,NA,"Phthalates & Plasticizers (Urine)","Mostly detected (reliable)"
"PHTHTE",2017,"URXMHNC",2762,NA,NA,"Phthalates & Plasticizers (Urine)","Mostly detected (reliable)"
"PHTHTE",2003,"URXMHP",2605,0,0,"Phthalates & Plasticizers (Urine)","Mostly detected (reliable)"
"PHTHTE",2005,"URXMHP",2548,0,0,"Phthalates & Plasticizers (Urine)","Mostly detected (reliable)"
"PHTHTE",2007,"URXMHP",2604,0,0,"Phthalates & Plasticizers (Urine)","Mostly detected (reliable)"
"PHTHTE",2009,"URXMHP",2749,0,0,"Phthalates & Plasticizers (Urine)","Mostly detected (reliable)"
"PHTHTE",2011,"URXMHP",2489,0,0,"Phthalates & Plasticizers (Urine)","Mostly detected (reliable)"
"PHTHTE",2013,"URXMHP",2685,0,0,"Phthalates & Plasticizers (Urine)","Mostly detected (reliable)"
"PHTHTE",2015,"URXMHP",2975,0,0,"Phthalates & Plasticizers (Urine)","Mostly detected (reliable)"
"PHTHTE",2017,"URXMHP",2762,0,0,"Phthalates & Plasticizers (Urine)","Mostly detected (reliable)"
"PHTHTE",2003,"URXMIB",2605,0,0,"Phthalates & Plasticizers (Urine)","Mostly detected (reliable)"
"PHTHTE",2005,"URXMIB",2548,0,0,"Phthalates & Plasticizers (Urine)","Mostly detected (reliable)"
"PHTHTE",2007,"URXMIB",2604,0,0,"Phthalates & Plasticizers (Urine)","Mostly detected (reliable)"
"PHTHTE",2009,"URXMIB",2749,0,0,"Phthalates & Plasticizers (Urine)","Mostly detected (reliable)"
"PHTHTE",2011,"URXMIB",2489,0,0,"Phthalates & Plasticizers (Urine)","Mostly detected (reliable)"
"PHTHTE",2013,"URXMIB",2685,0,0,"Phthalates & Plasticizers (Urine)","Mostly detected (reliable)"
"PHTHTE",2015,"URXMIB",2975,0,0,"Phthalates & Plasticizers (Urine)","Mostly detected (reliable)"
"PHTHTE",2017,"URXMIB",2762,0,0,"Phthalates & Plasticizers (Urine)","Mostly detected (reliable)"
"PHTHTE",2003,"URXMNM",2605,0,0,"Phthalates & Plasticizers (Urine)","Mostly detected (reliable)"
"PHTHTE",2005,"URXMNM",2548,0,0,"Phthalates & Plasticizers (Urine)","Mostly detected (reliable)"
"PHTHTE",2007,"URXMNM",2604,0,0,"Phthalates & Plasticizers (Urine)","Mostly detected (reliable)"
"PHTHTE",2009,"URXMNM",2749,0,0,"Phthalates & Plasticizers (Urine)","Mostly detected (reliable)"
"PHTHTE",2011,"URXMNM",2489,0,0,"Phthalates & Plasticizers (Urine)","Mostly detected (reliable)"
"PHTHTE",2003,"URXMNP",2605,0,0,"Phthalates & Plasticizers (Urine)","Mostly detected (reliable)"
"PHTHTE",2005,"URXMNP",2548,0,0,"Phthalates & Plasticizers (Urine)","Mostly detected (reliable)"
"PHTHTE",2007,"URXMNP",2604,0,0,"Phthalates & Plasticizers (Urine)","Mostly detected (reliable)"
"PHTHTE",2009,"URXMNP",2749,0,0,"Phthalates & Plasticizers (Urine)","Mostly detected (reliable)"
"PHTHTE",2011,"URXMNP",2489,0,0,"Phthalates & Plasticizers (Urine)","Mostly detected (reliable)"
"PHTHTE",2013,"URXMNP",2685,0,0,"Phthalates & Plasticizers (Urine)","Mostly detected (reliable)"
"PHTHTE",2015,"URXMNP",2975,0,0,"Phthalates & Plasticizers (Urine)","Mostly detected (reliable)"
"PHTHTE",2017,"URXMNP",2762,0,0,"Phthalates & Plasticizers (Urine)","Mostly detected (reliable)"
"PHTHTE",2003,"URXMOH",2605,0,0,"Phthalates & Plasticizers (Urine)","Mostly detected (reliable)"
"PHTHTE",2005,"URXMOH",2548,0,0,"Phthalates & Plasticizers (Urine)","Mostly detected (reliable)"
"PHTHTE",2007,"URXMOH",2604,0,0,"Phthalates & Plasticizers (Urine)","Mostly detected (reliable)"
"PHTHTE",2009,"URXMOH",2749,0,0,"Phthalates & Plasticizers (Urine)","Mostly detected (reliable)"
"PHTHTE",2011,"URXMOH",2489,0,0,"Phthalates & Plasticizers (Urine)","Mostly detected (reliable)"
"PHTHTE",2013,"URXMOH",2685,0,0,"Phthalates & Plasticizers (Urine)","Mostly detected (reliable)"
"PHTHTE",2015,"URXMOH",2975,0,0,"Phthalates & Plasticizers (Urine)","Mostly detected (reliable)"
"PHTHTE",2017,"URXMOH",2762,0,0,"Phthalates & Plasticizers (Urine)","Mostly detected (reliable)"
"PHTHTE",2017,"URXMONP",2762,NA,NA,"Phthalates & Plasticizers (Urine)","Mostly detected (reliable)"
"PHTHTE",2003,"URXMOP",2605,0,0,"Phthalates & Plasticizers (Urine)","Mostly detected (reliable)"
"PHTHTE",2005,"URXMOP",2548,0,0,"Phthalates & Plasticizers (Urine)","Mostly detected (reliable)"
"PHTHTE",2007,"URXMOP",2604,0,0,"Phthalates & Plasticizers (Urine)","Mostly detected (reliable)"
"PHTHTE",2009,"URXMOP",2749,0,0,"Phthalates & Plasticizers (Urine)","Mostly detected (reliable)"
"PHTHTE",2003,"URXMZP",2605,0,0,"Phthalates & Plasticizers (Urine)","Mostly detected (reliable)"
"PHTHTE",2005,"URXMZP",2548,0,0,"Phthalates & Plasticizers (Urine)","Mostly detected (reliable)"
"PHTHTE",2007,"URXMZP",2604,0,0,"Phthalates & Plasticizers (Urine)","Mostly detected (reliable)"
"PHTHTE",2009,"URXMZP",2749,0,0,"Phthalates & Plasticizers (Urine)","Mostly detected (reliable)"
"PHTHTE",2011,"URXMZP",2489,0,0,"Phthalates & Plasticizers (Urine)","Mostly detected (reliable)"
"PHTHTE",2013,"URXMZP",2685,0,0,"Phthalates & Plasticizers (Urine)","Mostly detected (reliable)"
"PHTHTE",2015,"URXMZP",2975,0,0,"Phthalates & Plasticizers (Urine)","Mostly detected (reliable)"
"PHTHTE",2017,"URXMZP",2762,0,0,"Phthalates & Plasticizers (Urine)","Mostly detected (reliable)"
"PHTHTE",2003,"URXUCR",2623,NA,NA,"Phthalates & Plasticizers (Urine)","Mostly detected (reliable)"
"PHTHTE",2005,"URXUCR",2565,NA,NA,"Phthalates & Plasticizers (Urine)","Mostly detected (reliable)"
"PHTHTE",2007,"URXUCR",2623,NA,NA,"Phthalates & Plasticizers (Urine)","Mostly detected (reliable)"
"PHTHTE",2009,"URXUCR",2755,NA,NA,"Phthalates & Plasticizers (Urine)","Mostly detected (reliable)"
"PHTHTE",2011,"URXUCR",2525,NA,NA,"Phthalates & Plasticizers (Urine)","Mostly detected (reliable)"
"PHTHTE",2013,"URXUCR",2690,NA,NA,"Phthalates & Plasticizers (Urine)","Mostly detected (reliable)"
"UPHOPM",2011,"URX24D",2365,0,0,"Pyrethroids, Herbicides & OP Metabolites (Urine)","Mostly detected (reliable)"
"UPHOPM",2013,"URX24D",2671,0,0,"Pyrethroids, Herbicides & OP Metabolites (Urine)","Mostly detected (reliable)"
"UPHOPM",2015,"URX24D",3034,0,0,"Pyrethroids, Herbicides & OP Metabolites (Urine)","Mostly detected (reliable)"
"UPHOPM",2011,"URX4FP",2428,0,0,"Pyrethroids, Herbicides & OP Metabolites (Urine)","Mostly detected (reliable)"
"UPHOPM",2013,"URX4FP",2669,0,0,"Pyrethroids, Herbicides & OP Metabolites (Urine)","Mostly detected (reliable)"
"UPHOPM",2015,"URX4FP",3036,0,0,"Pyrethroids, Herbicides & OP Metabolites (Urine)","Mostly detected (reliable)"
"UPHOPM",2013,"URXCPM",2639,0,0,"Pyrethroids, Herbicides & OP Metabolites (Urine)","Mostly detected (reliable)"
"UPHOPM",2015,"URXCPM",3033,0,0,"Pyrethroids, Herbicides & OP Metabolites (Urine)","Mostly detected (reliable)"
"UPHOPM",2015,"URXMAL",3028,0,0,"Pyrethroids, Herbicides & OP Metabolites (Urine)","Mostly detected (reliable)"
"UPHOPM",2011,"URXOPM",2416,0,0,"Pyrethroids, Herbicides & OP Metabolites (Urine)","Mostly detected (reliable)"
"UPHOPM",2013,"URXOPM",2627,0,0,"Pyrethroids, Herbicides & OP Metabolites (Urine)","Mostly detected (reliable)"
"UPHOPM",2015,"URXOPM",3022,0,0,"Pyrethroids, Herbicides & OP Metabolites (Urine)","Mostly detected (reliable)"
"UPHOPM",2011,"URXOXY",2421,0,0,"Pyrethroids, Herbicides & OP Metabolites (Urine)","Mostly detected (reliable)"
"UPHOPM",2013,"URXOXY",2648,0,0,"Pyrethroids, Herbicides & OP Metabolites (Urine)","Mostly detected (reliable)"
"UPHOPM",2015,"URXOXY",3038,0,0,"Pyrethroids, Herbicides & OP Metabolites (Urine)","Mostly detected (reliable)"
"UPHOPM",2011,"URXPAR",2350,0,0,"Pyrethroids, Herbicides & OP Metabolites (Urine)","Mostly detected (reliable)"
"UPHOPM",2013,"URXPAR",2584,0,0,"Pyrethroids, Herbicides & OP Metabolites (Urine)","Mostly detected (reliable)"
"UPHOPM",2015,"URXPAR",3039,0,0,"Pyrethroids, Herbicides & OP Metabolites (Urine)","Mostly detected (reliable)"
"UPHOPM",2011,"URXTCC",2275,0,0,"Pyrethroids, Herbicides & OP Metabolites (Urine)","Mostly detected (reliable)"
"UPHOPM",2013,"URXTCC",2622,0,0,"Pyrethroids, Herbicides & OP Metabolites (Urine)","Mostly detected (reliable)"
"UPHOPM",2015,"URXTCC",3022,0,0,"Pyrethroids, Herbicides & OP Metabolites (Urine)","Mostly detected (reliable)"
