"dataset","year","code","status"
"PBCD","2003","L06BMT_C","OK"
"PBCD","2005","PbCd_D","OK"
"PBCD","2007","PbCd_E","OK"
"PBCD","2009","PbCd_F","OK"
"PBCD_EXT","2011","PbCd_G","OK"
"PBCD_EXT","2013","PBCD_H","OK"
"PBCD_EXT","2015","PBCD_I","OK"
"PBCD_EXT","2017","PBCD_J","OK"
"IHG","2005","IHg_D","OK"
"IHGEM","2007","IHg_E","OK"
"IHGEM","2009","IHg_F","OK"
"IHGEM","2011","IHgEM_G","OK"
"IHGEM","2013","IHGEM_H","OK"
"IHGEM","2015","IHGEM_I","OK"
"IHGEM","2017","IHGEM_J","OK"
"UHG","2003","L06UHG_C","OK"
"UHG","2005","UHG_D","OK"
"UHG","2007","UHG_E","OK"
"UHG","2009","UHG_F","OK"
"UHG","2011","UHG_G","OK"
"UHG","2013","UHG_H","OK"
"UHG","2015","UHG_I","OK"
"UHG","2017","UHG_J","OK"
"PFC","2003","L24PFC_C","OK"
"PFC","2005","PFC_D","OK"
"PFC","2007","PFC_E","OK"
"PFC","2009","PFC_F","OK"
"PFC","2011","PFC_G","OK"
"PFAS","2013","PFAS_H","OK"
"PFAS","2015","PFAS_I","OK"
"PFAS","2017","PFAS_J","OK"
"SSPFAS","2013","SSPFAS_H","OK"
"SSPFAS","2017","SSPFAS_J","OK"
"PFAS_CHILD","2013","SSPFAC_H","OK"
"VOCWB","2003","L04VOC_C","OK"
"VOCWB","2005","VOCWB_D","OK"
"VOCWB","2007","VOCWB_E","OK"
"VOCWB","2009","VOCWB_F","OK"
"VOCWB","2011","VOCWB_G","OK"
"VOCWB","2013","VOCWB_H","OK"
"VOCWB","2015","VOCWB_I","OK"
"VOCWB","2017","VOCWB_J","OK"
"VOC_TTHM","2007","VOCMWB_E","OK"
"VOC_TTHM","2009","VOCWB_F","OK"
"VOC_TTHM","2011","VOCWB_G","OK"
"VOC_TTHM","2013","VOCWB_H","OK"
"VOC_TTHM","2015","VOCWB_I","OK"
"VOC_TTHM","2017","VOCWB_J","OK"
"PHTHTE","2003","L24PH_C","OK"
"PHTHTE","2005","PHTHTE_D","OK"
"PHTHTE","2007","PHTHTE_E","OK"
"PHTHTE","2009","PHTHTE_F","OK"
"PHTHTE","2011","PHTHTE_G","OK"
"PHTHTE","2013","PHTHTE_H","OK"
"PHTHTE","2015","PHTHTE_I","OK"
"PHTHTE","2017","PHTHTE_J","OK"
"PERNT","2005","PERNT_D","OK"
"PERNT","2007","PERNT_E","OK"
"PERNT","2009","PERNT_F","OK"
"PERNT","2011","PERNT_G","OK"
"PERNT","2013","PERNT_H","OK"
"PERNT","2015","PERNT_I","OK"
"PERNT","2017","PERNT_J","OK"
"OPD","2003","L26OPD_C","OK"
"OPD","2005","OPD_D","OK"
"OPD","2007","OPD_E","OK"
"OPD","2009","OPD_F","NEEDS_VALIDATION_MISSING"
"OPD","2013","OPD_H","NEEDS_VALIDATION_MISSING"
"OPD","2015","OPD_I","OK"
"PP","2003","L24PP_C","OK"
"PP","2005","PP_D","OK"
"PP","2007","PP_E","OK"
"PEST","2003","L26UPP_C","OK"
"PEST","2005","UPP_D","OK"
"PEST","2007","UPP_E","OK"
"PEST","2009","PP_F","OK"
"PEST","2011","PP_G","OK"
"CARB","2005","CARB_D","OK"
"CARB","2007","CARB_E","OK"
"PYRET_EARLY","2007","PP_E","OK"
"PYRET_EARLY","2009","PP_F","OK"
"UPHOPM","2011","UPHOPM_G","OK"
"UPHOPM","2013","UPHOPM_H","OK"
"UPHOPM","2015","UPHOPM_I","OK"
"UVOC","2011","UVOC_G","OK"
"UVOC","2013","UVOC_H","OK"
"UVOC","2015","UVOC_I","OK"
"UVOC","2017","UVOC_J","OK"
"SSUVOC","2017","SSUVOC_J","OK"
"SSUVCM","2015","UVOCS_I","OK"
"PAH","2003","L31PAH_C","OK"
"PAH","2005","PAH_D","OK"
"PAH","2007","PAH_E","OK"
"PAH","2009","PAH_F","OK"
"PAH","2011","PAH_G","OK"
"ALB_CR","2003","L16_C","OK"
"ALB_CR","2005","ALB_CR_D","OK"
"ALB_CR","2007","ALB_CR_E","OK"
"ALB_CR","2009","ALB_CR_F","OK"
"ALB_CR","2011","ALB_CR_G","OK"
"ALB_CR","2013","ALB_CR_H","OK"
"ALB_CR","2015","ALB_CR_I","OK"
"ALB_CR","2017","ALB_CR_J","OK"
